/*
Navicat MySQL Data Transfer

Source Server         : linux
Source Server Version : 50505
Source Host           : 140.143.186.35:3306
Source Database       : wxci1

Target Server Type    : MYSQL
Target Server Version : 50505
File Encoding         : 65001

Date: 2018-06-27 19:34:56
*/

SET FOREIGN_KEY_CHECKS=0;

-- ----------------------------
-- Table structure for `note`
-- ----------------------------
DROP TABLE IF EXISTS `note`;
CREATE TABLE `note` (
  `note_id` int(11) NOT NULL AUTO_INCREMENT,
  `user_id` int(11) DEFAULT NULL,
  `note_title` varchar(255) DEFAULT NULL,
  `note_content` text,
  `note_type` varchar(255) DEFAULT NULL,
  `note_date` timestamp NULL DEFAULT CURRENT_TIMESTAMP,
  PRIMARY KEY (`note_id`)
) ENGINE=InnoDB AUTO_INCREMENT=43 DEFAULT CHARSET=utf8;

-- ----------------------------
-- Records of note
-- ----------------------------
INSERT INTO `note` VALUES ('8', '6', '这是笔记的标题', '这是笔记的内容', 'D', '2018-06-14 10:34:51');
INSERT INTO `note` VALUES ('9', '6', '再来一个', '哈红哈桑好', 'N', '2018-06-14 10:35:16');
INSERT INTO `note` VALUES ('15', '6', '黑黑黑黑黑', '卡框架卡兰送到家', 'D', '2018-06-14 11:09:19');
INSERT INTO `note` VALUES ('16', '6', '这出', '这出这出这出这出', 'N', '2018-06-14 11:09:39');
INSERT INTO `note` VALUES ('19', '6', '测试', ' 测试测试测试测试测试\n\n测试\n测试\n测试\n\n\n测试\n\n\n测试测试测试\n\n\n\n测试测试', 'N', '2018-06-15 08:43:09');
INSERT INTO `note` VALUES ('21', '6', 'ceasd', 'ceasdceasdceasdceasdceasdceasd\nceasdceasdceasdceasdceasdceasdceasdceasdceasd\n\nceasdceasdceasdceasdceasdceasdceasdceasdceasd', 'D', '2018-06-15 09:11:37');
INSERT INTO `note` VALUES ('22', '6', '新的笔记', '呵呵行嗯', 'N', '2018-06-15 09:40:59');
INSERT INTO `note` VALUES ('23', '6', 'tetetette', 'tetwts', 'N', '2018-06-15 11:20:51');
INSERT INTO `note` VALUES ('24', '6', 'asd', '<image src=\'https://ss1.bdstatic.com/70cFuXSh_Q1YnxGkpoWK1HF6hhy/it/u=3154285379,3239886304&fm=200&gp=0.jpg\' data-src=\'https://ss1.bdstatic.com/70cFuXSh_Q1YnxGkpoWK1HF6hhy/it/u=3154285379,3239886304&fm=200&gp=0.jpg\' bindtap=\'previewMethod\'></image>', 'N', '2018-06-17 13:56:13');
INSERT INTO `note` VALUES ('25', '6', 'akjsdkjk', '塞卡讲开阿囧框架啊砍三刀啊三道爱将啊撒旦卡囧到昂三党卡囧到看俺嫂单卡三捣烂啊骚蛋老澳囧大老安家捣烂啊框架啊看到卡机送到安静空单卡机塞卡讲开阿囧框架啊砍三刀啊三道爱将啊撒旦卡囧到昂三党卡囧到看俺嫂单卡三捣烂啊骚蛋老澳囧大老安家捣烂啊框架啊看到卡机送到安静空单卡机塞卡讲开阿囧框架啊砍三刀啊三道爱将啊撒旦卡囧到昂三党卡囧到看俺嫂单卡三捣烂啊骚蛋老澳囧大老安家捣烂啊框架啊看到卡机送到安静空单卡机塞卡讲开阿囧框架啊砍三刀啊三道爱将啊撒旦卡囧到昂三党卡囧到看俺嫂单卡三捣烂啊骚蛋老澳囧大老安家捣烂啊框架啊看到卡机送到安静空单卡机', 'N', '2018-06-17 13:58:20');
INSERT INTO `note` VALUES ('26', '6', 'asd asd asdasd asd asdasd asd asdasd asd asdasd asd asdasd asd asdasd asd asdasd asd asdasd asd asd', 'asd asd asdasd asd asdasd asd asdasd asd asdasd asd asdasd asd asdasd asd asdasd asd asdasd asd asdasd asd asdasd asd asdasd asd asdasd asd asdasd asd asdasd asd asdasd asd asdasd asd asdasd asd asdasd asd asdasd asd asdasd asd asdasd asd asdasd asd asdasd asd asdasd asd asdasd asd asdasd asd asdasd asd asdasd asd asdasd asd asdasd asd asdasd asd asdasd asd asdasd asd asdasd asd asdasd asd asdasd asd asdasd asd asd', 'N', '2018-06-17 13:58:48');
INSERT INTO `note` VALUES ('27', '6', '啊空蓝大奖啊空蓝大奖啊空蓝大奖啊空蓝大奖啊空蓝大奖啊空蓝大奖啊空蓝大奖啊空蓝大奖啊空蓝大奖啊空蓝大奖啊空蓝大奖啊空蓝大奖啊空蓝大奖啊空蓝大奖啊空蓝大奖啊空蓝大奖啊空蓝大奖啊空蓝大奖啊空蓝大奖啊空蓝大奖啊空蓝大奖啊空蓝大奖啊空蓝大奖', '啊空蓝大奖啊空蓝大奖啊空蓝大奖啊空蓝大奖啊空蓝大奖啊空蓝大奖啊空蓝大奖啊空蓝大奖啊空蓝大奖啊空蓝大奖啊空蓝大奖啊空蓝大奖啊空蓝大奖啊空蓝大奖啊空蓝大奖啊空蓝大奖啊空蓝大奖啊空蓝大奖啊空蓝大奖啊空蓝大奖啊空蓝大奖啊空蓝大奖啊空蓝大奖啊空蓝大奖啊空蓝大奖啊空蓝大奖啊空蓝大奖啊空蓝大奖啊空蓝大奖啊空蓝大奖啊空蓝大奖啊空蓝大奖啊空蓝大奖啊空蓝大奖啊空蓝大奖啊空蓝大奖啊空蓝大奖啊空蓝大奖啊空蓝大奖啊空蓝大奖啊空蓝大奖啊空蓝大奖啊空蓝大奖啊空蓝大奖啊空蓝大奖啊空蓝大奖啊空蓝大奖啊空蓝大奖啊空蓝大奖啊空蓝大奖', 'N', '2018-06-17 13:59:34');
INSERT INTO `note` VALUES ('28', '6', 'asdasdasdasdasdasdasdasdasdasdasdasdasdasdasdasdasdasdasdasdasdasdasdasdasdasdasd', 'sdasdasdasdasdasdasdasdasdasdasdasdasdasdasdasd\nasdasdasd\nasdasdasd\n\n\nasdasdasd\n\n\n\nasdasdasdasdasdasdasdasdasdasdasdasdasdasdasdasdasdasdasdasdasd\n\n\n\nasdasdasd', 'D', '2018-06-17 14:04:19');
INSERT INTO `note` VALUES ('29', '6', '卡囧到家', '开阿囧到家\n奥赛框架\n\na;lsdklad\nads\n\n\n啊框架开按键\n\n\n啊撒旦卡将送到澳囧大 asd\n\n俺嫂单卡三的', 'N', '2018-06-17 14:07:16');
INSERT INTO `note` VALUES ('30', '6', 'sssssssssssssssssssssssssssssssssssssssssssssssssssssssssssssssssssssss', 'sssssssssssssssssssssssssssssssssssssssssssssssssssssssssssssssssssssssssssssssssssssssssssssssssssssssssssssssssssssssssssssssssssssssssssssssssssssssssssssssssssssssssssssssssssssssssssssssssssssssssssssssssssssssssssssssssssssssssssssssssssssssssssssssssssssssssssssssssssssssssssssssssssssssssssssssssssssssssssssssssssssssssssssssssssssssssssssssssssssssssssssssssssssssssssssssssssssssssssssssssssssssssssssssssssssssssssssssssssssssssssssssssssssssssssssssssssssssssssssssssssssssssssssssssssssssssssssssssssssssssssssssssssssssssssssssssssssssssssssssssssssssssssssssssssssssssssssssssssssssssssssssssssssssssssssssssssssssssssssssssssssssssssssssssssssssssssssssssssssssssssssssssssssssssssssssssssssssssssssssssssssssssssssssssssssssssssssssssssssssssssssssssssssssssssssssssssssssssssssssssssssssssssssssssssssssssssssssssssssssssssssssssssssssssssssssssssssssssssssssssssssssssssssssssssssssssssssssssssssssssss', 'D', '2018-06-18 20:52:47');
INSERT INTO `note` VALUES ('31', '7', 'hdhdh', 'bxbcn', 'N', '2018-06-20 19:57:44');
INSERT INTO `note` VALUES ('32', '6', '嘿嘿', '呵呵', 'N', '2018-06-20 22:10:46');
INSERT INTO `note` VALUES ('33', '7', '对比句式1', '1. Some hold that this experience would give them the edge in future competition after graduation, while others argue that it might hinder their academic pursuit.\n\n2. Different from selling our own belongings in the flea market, running a shop requires careful consideration and preparation in many aspects.\n\n3. At college, our main task is to acquire knowledge; our main trial is to do well in various exams. But at work people are expected to shoulder much more responsibility.\n\n', 'N', '2018-06-20 23:29:31');
INSERT INTO `note` VALUES ('34', '7', '对比句式2', '4. With traditional teaching tools such as blackboards and chalks or the newly developed multimedia equipment, students and teachers have to come to school to enjoy learning or teaching. However, with the Internet,they are likely to interact at home in future, for example, through video conference.\n\n5. The former serves to conjure up images of conflict, selfishness, and dog-eat-dog behavior; the latter suggests harmony, community, andbenevolence.\n\n', 'N', '2018-06-20 23:30:23');
INSERT INTO `note` VALUES ('35', '11', '', '爱就像蓝天白云，晴空万里(ฅ>ω<*ฅ)☔', 'N', '2018-06-21 00:22:49');
INSERT INTO `note` VALUES ('38', '17', 'Study', 'Study can makes me happy!', 'N', '2018-06-23 21:14:41');
INSERT INTO `note` VALUES ('39', '6', '测试', '???? ', 'N', '2018-06-23 23:04:59');
INSERT INTO `note` VALUES ('40', '8', '哈哈哈', '哦哦哦', 'N', '2018-06-25 21:16:42');
INSERT INTO `note` VALUES ('41', '8', '不是那种那种难受', '智者见智女中年女装\n', 'N', '2018-06-25 21:16:58');
INSERT INTO `note` VALUES ('42', '8', '这辈子你在哪呢', '各种证件照几张', 'D', '2018-06-25 21:17:10');

-- ----------------------------
-- Table structure for `reply`
-- ----------------------------
DROP TABLE IF EXISTS `reply`;
CREATE TABLE `reply` (
  `reply_id` int(11) NOT NULL AUTO_INCREMENT,
  `user_id` int(11) DEFAULT NULL,
  `share_id` int(11) DEFAULT NULL,
  `reply_content` text,
  `reply_date` timestamp NULL DEFAULT CURRENT_TIMESTAMP ON UPDATE CURRENT_TIMESTAMP,
  `reply_type` varchar(255) DEFAULT NULL,
  PRIMARY KEY (`reply_id`)
) ENGINE=InnoDB AUTO_INCREMENT=141 DEFAULT CHARSET=utf8;

-- ----------------------------
-- Records of reply
-- ----------------------------
INSERT INTO `reply` VALUES ('13', '6', '7', '嘿嘿', '2018-06-13 16:29:36', 's');
INSERT INTO `reply` VALUES ('14', '6', '7', '??', '2018-06-13 16:56:48', 's');
INSERT INTO `reply` VALUES ('15', '6', '9', '????', '2018-06-13 16:57:07', 's');
INSERT INTO `reply` VALUES ('16', '6', '9', '', '2018-06-13 16:57:08', 's');
INSERT INTO `reply` VALUES ('17', '6', '9', '', '2018-06-13 16:57:10', 's');
INSERT INTO `reply` VALUES ('18', '6', '9', '', '2018-06-13 16:57:10', 's');
INSERT INTO `reply` VALUES ('19', '6', '7', 'ha', '2018-06-13 16:57:37', 's');
INSERT INTO `reply` VALUES ('20', '6', '9', 'heheh', '2018-06-13 17:01:27', 't');
INSERT INTO `reply` VALUES ('21', '6', '7', '???', '2018-06-13 17:02:53', 's');
INSERT INTO `reply` VALUES ('22', '6', '8', '???', '2018-06-13 17:03:04', 't');
INSERT INTO `reply` VALUES ('23', '6', '7', 'xxx', '2018-06-13 17:04:10', 's');
INSERT INTO `reply` VALUES ('24', '6', '9', '??', '2018-06-13 17:13:48', 't');
INSERT INTO `reply` VALUES ('25', '6', '8', '???', '2018-06-13 17:14:01', 't');
INSERT INTO `reply` VALUES ('26', '6', '7', 'xx', '2018-06-13 17:25:48', 's');
INSERT INTO `reply` VALUES ('27', '6', '10', '呵呵', '2018-06-13 22:40:52', 's');
INSERT INTO `reply` VALUES ('28', '6', '9', '呵呵', '2018-06-14 09:18:41', 't');
INSERT INTO `reply` VALUES ('29', '6', '11', 'heheh', '2018-06-14 09:31:22', 't');
INSERT INTO `reply` VALUES ('30', '6', '12', 'hehe', '2018-06-14 10:07:29', 's');
INSERT INTO `reply` VALUES ('32', '6', '7', '???', '2018-06-14 10:08:39', 's');
INSERT INTO `reply` VALUES ('33', '7', '7', '1111111', '2018-06-20 20:31:27', 's');
INSERT INTO `reply` VALUES ('34', null, null, null, '2018-06-14 10:21:21', null);
INSERT INTO `reply` VALUES ('35', '6', '12', 'hzhz', '2018-06-14 10:22:29', 's');
INSERT INTO `reply` VALUES ('36', '6', '14', '阿龙贷款', '2018-06-15 10:18:30', 's');
INSERT INTO `reply` VALUES ('37', '6', '14', '1212', '2018-06-16 10:11:00', 's');
INSERT INTO `reply` VALUES ('38', '6', '14', 'j', '2018-06-16 10:26:33', 's');
INSERT INTO `reply` VALUES ('39', '6', '14', 's', '2018-06-16 10:27:15', 's');
INSERT INTO `reply` VALUES ('40', '6', '14', 's', '2018-06-16 10:28:18', 's');
INSERT INTO `reply` VALUES ('41', '6', '14', 'asd', '2018-06-16 10:29:09', 's');
INSERT INTO `reply` VALUES ('42', '6', '14', 'asd', '2018-06-16 10:29:09', 's');
INSERT INTO `reply` VALUES ('43', '6', '14', 'x', '2018-06-16 10:31:29', 's');
INSERT INTO `reply` VALUES ('44', '6', '14', 's', '2018-06-16 10:36:35', 's');
INSERT INTO `reply` VALUES ('45', '6', '14', 'kasjd', '2018-06-16 10:37:10', 's');
INSERT INTO `reply` VALUES ('46', '6', '14', 'x', '2018-06-16 10:37:57', 's');
INSERT INTO `reply` VALUES ('47', '6', '14', 'asd', '2018-06-16 10:44:40', 's');
INSERT INTO `reply` VALUES ('48', '6', '14', 'ads', '2018-06-16 10:46:49', 's');
INSERT INTO `reply` VALUES ('49', '6', '14', 'asd', '2018-06-16 10:47:56', 's');
INSERT INTO `reply` VALUES ('50', '6', '14', 'x', '2018-06-16 10:50:18', 's');
INSERT INTO `reply` VALUES ('51', '6', '14', 'kjk', '2018-06-16 10:51:26', 's');
INSERT INTO `reply` VALUES ('52', '6', '14', 'll', '2018-06-16 10:53:20', 's');
INSERT INTO `reply` VALUES ('53', '6', '14', 'laskdlk', '2018-06-16 10:54:27', 's');
INSERT INTO `reply` VALUES ('54', '6', '14', ';lkal;skd', '2018-06-16 10:56:35', 's');
INSERT INTO `reply` VALUES ('55', '6', '14', ';lkal;skd', '2018-06-16 10:56:35', 's');
INSERT INTO `reply` VALUES ('56', '6', '14', 'laksdlk', '2018-06-16 10:58:56', 's');
INSERT INTO `reply` VALUES ('57', '6', '13', 'asd', '2018-06-16 10:59:48', 's');
INSERT INTO `reply` VALUES ('58', '6', '14', 'lklk', '2018-06-16 11:00:47', 's');
INSERT INTO `reply` VALUES ('59', '6', '13', 'lkl', '2018-06-16 11:01:48', 's');
INSERT INTO `reply` VALUES ('60', '6', '14', 'asjdkj', '2018-06-16 11:03:30', 's');
INSERT INTO `reply` VALUES ('61', '6', '14', 'lklk', '2018-06-16 11:04:44', 's');
INSERT INTO `reply` VALUES ('62', '6', '13', 'l;akl', '2018-06-16 11:06:46', 's');
INSERT INTO `reply` VALUES ('63', '6', '13', 'lklkl', '2018-06-16 11:08:05', 's');
INSERT INTO `reply` VALUES ('64', '6', '14', 'l;kasl;dk', '2018-06-16 11:10:24', 's');
INSERT INTO `reply` VALUES ('65', '6', '14', 'laksld', '2018-06-16 11:14:40', 's');
INSERT INTO `reply` VALUES ('66', '6', '14', 'jaksjdk', '2018-06-16 11:15:59', 's');
INSERT INTO `reply` VALUES ('67', '6', '13', 'kjkj', '2018-06-16 11:19:03', 's');
INSERT INTO `reply` VALUES ('68', '6', '14', 'l;aksl;k', '2018-06-16 11:20:22', 's');
INSERT INTO `reply` VALUES ('69', '6', '13', 'kjk', '2018-06-16 11:21:19', 's');
INSERT INTO `reply` VALUES ('70', '6', '13', 'jlkjklj', '2018-06-16 11:22:03', 's');
INSERT INTO `reply` VALUES ('71', '6', '14', 'lajsdkljkasd', '2018-06-16 11:23:11', 's');
INSERT INTO `reply` VALUES ('72', '6', '13', 'klasjdk', '2018-06-16 11:26:29', 's');
INSERT INTO `reply` VALUES ('73', '6', '14', ';laksld;ka', '2018-06-16 11:27:56', 's');
INSERT INTO `reply` VALUES ('74', '6', '13', 'laskl', '2018-06-16 11:31:26', 's');
INSERT INTO `reply` VALUES ('75', '6', '13', ';laksdlkalsd', '2018-06-16 11:32:24', 's');
INSERT INTO `reply` VALUES ('76', '6', '13', 'klajsdljaksdjkl', '2018-06-16 11:32:44', 's');
INSERT INTO `reply` VALUES ('77', '6', '13', 'kasjdkljasd', '2018-06-16 11:33:18', 's');
INSERT INTO `reply` VALUES ('78', '6', '7', 'alksjd', '2018-06-16 11:36:09', 's');
INSERT INTO `reply` VALUES ('79', '6', '12', 'kajskdjkasd', '2018-06-16 11:40:28', 's');
INSERT INTO `reply` VALUES ('80', '6', '7', 'klajsdkljaksd', '2018-06-16 11:43:10', 's');
INSERT INTO `reply` VALUES ('81', '6', '10', 'kasjdkj', '2018-06-16 11:44:34', 's');
INSERT INTO `reply` VALUES ('82', '6', '10', 'klasjdkjasd', '2018-06-16 11:44:50', 's');
INSERT INTO `reply` VALUES ('83', '6', '10', 'aksjdkljaskd', '2018-06-16 11:44:55', 's');
INSERT INTO `reply` VALUES ('84', '6', '10', ';lasdkasldkl', '2018-06-16 11:45:07', 's');
INSERT INTO `reply` VALUES ('85', '6', '10', 'kasjdkljaskld', '2018-06-16 11:45:17', 's');
INSERT INTO `reply` VALUES ('86', '6', '15', '        呵呵呵', '2018-06-16 12:23:54', 't');
INSERT INTO `reply` VALUES ('87', '6', '15', 'lkasjdkjaksljd', '2018-06-16 12:24:06', 't');
INSERT INTO `reply` VALUES ('88', '6', '15', 'lksdjkjaskd', '2018-06-16 12:24:15', 't');
INSERT INTO `reply` VALUES ('89', '6', '14', 'kajsdkj', '2018-06-16 12:25:37', 's');
INSERT INTO `reply` VALUES ('90', '6', '14', 'aklsjdkj', '2018-06-16 12:25:45', 's');
INSERT INTO `reply` VALUES ('91', '6', '14', 'kasjdkajsd', '2018-06-16 12:25:51', 's');
INSERT INTO `reply` VALUES ('92', '6', '25', 'sdjhajdh', '2018-06-16 13:13:03', 't');
INSERT INTO `reply` VALUES ('93', '6', '25', 'kajsdkj', '2018-06-16 13:13:08', 't');
INSERT INTO `reply` VALUES ('94', '6', '24', 'lasdlk', '2018-06-16 13:13:51', 't');
INSERT INTO `reply` VALUES ('95', '6', '23', '1', '2018-06-16 13:14:33', 't');
INSERT INTO `reply` VALUES ('96', '6', '9', 'asd', '2018-06-16 13:14:48', 't');
INSERT INTO `reply` VALUES ('97', '6', '9', 's', '2018-06-16 13:14:55', 't');
INSERT INTO `reply` VALUES ('98', '6', '9', 'aksjdkl', '2018-06-16 13:15:00', 't');
INSERT INTO `reply` VALUES ('99', '6', '9', 'a\'k\'s\'j\'daksjdk', '2018-06-16 13:18:35', 't');
INSERT INTO `reply` VALUES ('100', '6', '9', 'kasjdkj', '2018-06-16 13:19:06', 't');
INSERT INTO `reply` VALUES ('101', '6', '9', '', '2018-06-16 13:19:08', 't');
INSERT INTO `reply` VALUES ('102', '6', '9', '', '2018-06-16 13:19:09', 't');
INSERT INTO `reply` VALUES ('103', '6', '9', '', '2018-06-16 13:19:11', 't');
INSERT INTO `reply` VALUES ('104', '6', '9', '', '2018-06-16 13:19:13', 't');
INSERT INTO `reply` VALUES ('105', '6', '9', '', '2018-06-16 13:19:15', 't');
INSERT INTO `reply` VALUES ('106', '6', '9', '', '2018-06-16 13:19:16', 't');
INSERT INTO `reply` VALUES ('107', '6', '9', '', '2018-06-16 13:19:20', 't');
INSERT INTO `reply` VALUES ('108', '6', '9', '', '2018-06-16 13:19:21', 't');
INSERT INTO `reply` VALUES ('109', '6', '22', 'asd', '2018-06-16 13:41:30', 's');
INSERT INTO `reply` VALUES ('110', '6', '25', 'kasjkj', '2018-06-16 13:43:20', 't');
INSERT INTO `reply` VALUES ('111', '6', '22', 'heheh', '2018-06-17 08:42:01', 's');
INSERT INTO `reply` VALUES ('112', '6', '22', 'heheh', '2018-06-17 08:42:01', 's');
INSERT INTO `reply` VALUES ('113', '6', '28', '很强', '2018-06-18 09:25:04', 's');
INSERT INTO `reply` VALUES ('114', '6', '46', 'aklsjdklj', '2018-06-18 11:23:23', 's');
INSERT INTO `reply` VALUES ('115', '6', '50', 'alsdkl;kasd', '2018-06-18 11:40:21', 't');
INSERT INTO `reply` VALUES ('116', '6', '48', 'ldflk', '2018-06-18 11:41:17', 't');
INSERT INTO `reply` VALUES ('117', '6', '88', '恩', '2018-06-20 19:51:25', 's');
INSERT INTO `reply` VALUES ('118', '7', '90', 'gsgd', '2018-06-20 19:55:32', 's');
INSERT INTO `reply` VALUES ('119', '7', '91', 'jx', '2018-06-20 19:56:49', 't');
INSERT INTO `reply` VALUES ('120', '7', '104', '一起来评论点赞吧~', '2018-06-20 23:37:35', 's');
INSERT INTO `reply` VALUES ('121', '7', '108', '哈哈哈哈', '2018-06-20 23:57:00', 's');
INSERT INTO `reply` VALUES ('122', '7', '108', '你真棒????', '2018-06-20 23:57:12', 's');
INSERT INTO `reply` VALUES ('123', '10', '108', '傻瓜哈哈哈', '2018-06-20 23:58:18', 's');
INSERT INTO `reply` VALUES ('124', '7', '109', '来，我带你回家', '2018-06-21 00:18:23', 's');
INSERT INTO `reply` VALUES ('125', '11', '110', '可爱', '2018-06-21 00:18:27', 's');
INSERT INTO `reply` VALUES ('126', '11', '109', '好呀好呀', '2018-06-21 00:20:27', 's');
INSERT INTO `reply` VALUES ('127', '11', '109', '', '2018-06-21 00:20:30', 's');
INSERT INTO `reply` VALUES ('128', '7', '110', '有趣噢~', '2018-06-21 00:20:51', 's');
INSERT INTO `reply` VALUES ('129', '7', '111', '还不错', '2018-06-21 00:21:30', 's');
INSERT INTO `reply` VALUES ('130', '7', '111', '这个很有用', '2018-06-21 00:21:43', 's');
INSERT INTO `reply` VALUES ('131', '7', '111', '哈哈', '2018-06-21 00:21:50', 's');
INSERT INTO `reply` VALUES ('132', '12', '110', '我确实很可爱', '2018-06-21 00:25:50', 's');
INSERT INTO `reply` VALUES ('133', '7', '112', 'excellent!!!', '2018-06-23 21:04:52', 's');
INSERT INTO `reply` VALUES ('134', '17', '112', '真不错！', '2018-06-23 21:04:57', 's');
INSERT INTO `reply` VALUES ('135', '17', '103', '好好学习，劳逸结合', '2018-06-23 21:07:03', 't');
INSERT INTO `reply` VALUES ('136', '6', '9', '???? ', '2018-06-23 23:07:44', 't');
INSERT INTO `reply` VALUES ('137', '9', '113', '好啊好啊', '2018-06-25 17:08:58', 't');
INSERT INTO `reply` VALUES ('138', '8', '112', '挺好饿', '2018-06-25 18:23:36', 's');
INSERT INTO `reply` VALUES ('139', '8', '114', '哈哈哈 你说的对', '2018-06-25 21:22:07', 's');
INSERT INTO `reply` VALUES ('140', '8', '115', '你说的对', '2018-06-25 21:22:46', 's');

-- ----------------------------
-- Table structure for `share`
-- ----------------------------
DROP TABLE IF EXISTS `share`;
CREATE TABLE `share` (
  `share_id` int(11) NOT NULL AUTO_INCREMENT,
  `user_id` int(11) DEFAULT NULL,
  `share_title` varchar(255) DEFAULT NULL,
  `share_content` text,
  `share_date` timestamp NULL DEFAULT CURRENT_TIMESTAMP ON UPDATE CURRENT_TIMESTAMP,
  `share_type` varchar(255) DEFAULT NULL,
  `share_cover` varchar(255) DEFAULT NULL,
  PRIMARY KEY (`share_id`)
) ENGINE=InnoDB AUTO_INCREMENT=116 DEFAULT CHARSET=utf8;

-- ----------------------------
-- Records of share
-- ----------------------------
INSERT INTO `share` VALUES ('0', '8', '学习使我快乐', '是的', '2018-06-26 17:34:27', 's', null);
INSERT INTO `share` VALUES ('2', '6', 'sdasd', '<image src= \'http://140.143.186.35/wxci/assets/uploads/eaf64e4433407718f926890cdc9980a4.jpg\'></image>\n\nasd\na\nd\nas\nda', '2018-06-26 17:34:50', 's', null);
INSERT INTO `share` VALUES ('7', '6', '测试一下标题', '测试一下内容', '2018-06-13 16:27:40', 's', null);
INSERT INTO `share` VALUES ('8', '6', '哈哈', '很爽', '2018-06-13 16:33:32', 't', null);
INSERT INTO `share` VALUES ('9', '6', 'ceui ', 'kaksdjkasd', '2018-06-13 16:37:51', 't', null);
INSERT INTO `share` VALUES ('10', '6', '再来一个', '哈哈哈', '2018-06-13 22:40:44', 's', null);
INSERT INTO `share` VALUES ('11', '6', '不做回复', '嘿嘿嘿嘿', '2018-06-13 23:09:14', 't', null);
INSERT INTO `share` VALUES ('12', '6', 'nnn', 'nnn', '2018-06-14 00:58:56', 's', null);
INSERT INTO `share` VALUES ('13', '6', '？？', '？？？？', '2018-06-14 10:36:10', 's', null);
INSERT INTO `share` VALUES ('14', '6', '送松松送送松松送送送送送松松送送送送送送松松送送送送送松松送送送送送送送送', '送松松送送送送送松松送送送送送送松松送送送送送松松送送送送送送松松送送送送送松松送送送送送送松松送送送送送松松送送送送送', '2018-06-15 09:19:59', 's', null);
INSERT INTO `share` VALUES ('15', '6', 'aksjdklajsdkjkalsjdkljaskldjkasj.test {   overflow: hidden;   text-overflow:ellipsis;   white-space:nowrap;   width:400rpx; }.test {   overf', '.test {\n  overflow: hidden;\n  text-overflow:ellipsis;\n  white-space:nowrap;\n  width:400rpx;\n}.test {\n  overflow: hidden;\n  text-overflow:ell', '2018-06-15 20:59:13', 't', null);
INSERT INTO `share` VALUES ('16', '6', 'kjaskdjk', 'kjakjsdkjaksldjkj', '2018-06-16 12:34:38', 's', null);
INSERT INTO `share` VALUES ('17', '6', 'aksjdk', 'kjkasjdk', '2018-06-16 12:41:48', 's', null);
INSERT INTO `share` VALUES ('18', '6', 'akjsdkjasd', 'asd', '2018-06-16 12:43:25', 's', null);
INSERT INTO `share` VALUES ('19', '6', 'kasjdkj', 'kjaksjdkajskd', '2018-06-16 12:44:31', 's', null);
INSERT INTO `share` VALUES ('20', '6', 'slalk', 'kalskdlk', '2018-06-16 12:45:09', 's', null);
INSERT INTO `share` VALUES ('21', '6', 'kajsdkjk', 'jkajskdjaksjd', '2018-06-16 12:45:15', 's', null);
INSERT INTO `share` VALUES ('22', '6', 'aksjdkj', 'kjkasjdkj', '2018-06-16 12:45:29', 's', null);
INSERT INTO `share` VALUES ('23', '6', 'asdkj', 'kjkajskj', '2018-06-16 12:46:45', 't', null);
INSERT INTO `share` VALUES ('24', '6', 'aksjdkjkjklajkljk', 'ljklajskldjklasjdkl', '2018-06-16 12:47:12', 't', null);
INSERT INTO `share` VALUES ('25', '6', 'kalsjdkljk', 'jkjaksdjkajsd', '2018-06-16 12:47:21', 't', null);
INSERT INTO `share` VALUES ('26', '6', 'asd', '<image src=\'https://ss1.bdstatic.com/70cFuXSh_Q1YnxGkpoWK1HF6hhy/it/u=3154285379,3239886304&fm=200&gp=0.jpg\' data-src=\'https://ss1.bdstatic.', '2018-06-17 13:54:53', 's', null);
INSERT INTO `share` VALUES ('27', '6', '测试', '    <image src=\'http://127.0.0.1/phptest/wxci/assets/uploads/e8a79b4dd7a5a42878d032c78ef1e244.jpg\'></image>', '2018-06-18 08:56:32', 's', null);
INSERT INTO `share` VALUES ('28', '6', '图片测试', '<image src=\'http://127.0.0.1/phptest/wxci/assets/uploads/e8a79b4dd7a5a42878d032c78ef1e244.jpg\'></image><image src=\'http://127.0.0.1/phptest/wxci/assets/uploads/e8a79b4dd7a5a42878d032c78ef1e244.jpg\'></image>', '2018-06-18 09:44:19', 's', null);
INSERT INTO `share` VALUES ('29', '6', 'kasjdkj', '\n        <image src= \'http://127.0.0.1/phptest/wxci/assets/uploads/a2c9322ab1d9511ee06209a5723d5214.jpg\' ></image>\n        ', '2018-06-18 09:45:17', 's', null);
INSERT INTO `share` VALUES ('31', '6', 'aksjdkljkj', 'akjsdkjaskdjkl\n\n\nasd;llasd\n\n\n<image src= \'http://127.0.0.1/phptest/wxci/assets/uploads/3fe31a8f4b589e82609ba11da7e37e24.jpg\'></image>\n        <image src= \'http://127.0.0.1/phptest/wxci/assets/uploads/03378ee1869c5156a7d6f9e2a5010097.jpg\'></image>\n        \n\n\nasd\na\nsd', '2018-06-18 09:47:05', 's', null);
INSERT INTO `share` VALUES ('32', '6', 'lkjckljzkljxckljzklxjc', 'kaljsdkljkalsjd]\n\n\nas\nd\nas\nd\nas\nd\nas\nd\n<image src= \'http://127.0.0.1/phptest/wxci/assets/uploads/06e5badc76fb23dd281b876a1f1807ce.jpg\'></image>\n\n\n\naskdjkaj\n        kd\n\nas\ndalksjdklasd\n\n<image src= \'http://127.0.0.1/phptest/wxci/assets/uploads/de124311de01e3d3eae26708235999c2.jpg\'></image>\n        ', '2018-06-18 09:47:51', 's', null);
INSERT INTO `share` VALUES ('33', '6', 'kajsdkljaklsjdkljaskld', '<image src= \'http://127.0.0.1/phptest/wxci/assets/uploads/3732640fce261ec92ab83ef5157119ae.jpg\'></image>\n        <image src= \'http://127.0.0.1/phptest/wxci/assets/uploads/cfb7c4f71fd8d5f9f3481790ecd82835.jpg\'></image>\n        ', '2018-06-18 09:48:48', 's', null);
INSERT INTO `share` VALUES ('38', '6', '看含抗菌', '<image src= \'http://127.0.0.1/phptest/wxci/assets/uploads/c228d371b7e99664763c72c169278957.jpg\'></image>\n\n\nmnmn\n\n\n\n\n        <image src= \'http://127.0.0.1/phptest/wxci/assets/uploads/fe592fa3296d892ec3f6db1b975dcfc1.jpg\'></image>\n\n\n\n\n        ', '2018-06-18 10:57:15', 's', null);
INSERT INTO `share` VALUES ('39', '6', '汉康', '<image src= \'http://127.0.0.1/phptest/wxci/assets/uploads/a3f8e54a8d6d121852dee76d8c827634.jpg\'></image>\n\n\nasd\n\n\n\n        <image src= \'http://127.0.0.1/phptest/wxci/assets/uploads/557ca89dc0fe154a751783efe84fe05b.jpg\'></image>\n        <image src= \'http://127.0.0.1/phptest/wxci/assets/uploads/206ec0a1462cd5fcf97229cfe985a812.jpg\'></image>\n        ', '2018-06-18 10:57:48', 's', null);
INSERT INTO `share` VALUES ('40', '6', 'asd', 'asd<image src= \'http://127.0.0.1/phptest/wxci/assets/uploads/a4cf2b33847d702f7c88426d41d58bbb.jpg\'></image>\n        ', '2018-06-18 10:58:12', 's', null);
INSERT INTO `share` VALUES ('43', '6', 'aksjdklj', 'jkjaksjd\n\n<image src= \'http://127.0.0.1/phptest/wxci/assets/uploads/4b22f967968d86b15a682dcb7c18293c.jpg\'></image>\n\nasd\n\n\n\n\n        <image src= \'http://127.0.0.1/phptest/wxci/assets/uploads/9803d0f9a6971fe282f7d36f3daa000d.jpg\'></image>\n        ', '2018-06-18 10:59:11', 's', null);
INSERT INTO `share` VALUES ('46', '6', 'asd', '<image src= \'http://127.0.0.1/phptest/wxci/assets/uploads/928248b3942790d7cb374d6d8b965fa7.jpg\'></image>', '2018-06-18 11:03:34', 's', null);
INSERT INTO `share` VALUES ('47', '6', 'aksjdkj', 'akldjklajsd<image src= \'http://127.0.0.1/phptest/wxci/assets/uploads/bd422f7e28339b5e47fe4a6eb691cdf8.jpg\'></image>\n\na\nsdlakldk<image src= \'http://127.0.0.1/phptest/wxci/assets/uploads/67db0eeb49f9c5bd218faa6470a135c9.jpg\'></image>', '2018-06-18 11:36:44', 't', null);
INSERT INTO `share` VALUES ('48', '6', 'lkejkj', '<image src= \'http://127.0.0.1/phptest/wxci/assets/uploads/5596f73af0bf732c8cc64f31617418f7.jpg\'></image><image src= \'http://127.0.0.1/phptest/wxci/assets/uploads/738fb0fd722cbfb31d2987fa8708408e.jpg\'></image>\n\naskjkj\n\nasd;asd<image src= \'http://127.0.0.1/phptest/wxci/assets/uploads/595b1a87e11ad35a9757acb506642218.jpg\'></image>\n\n\nasd', '2018-06-18 11:38:42', 't', null);
INSERT INTO `share` VALUES ('50', '6', 'aklsdjkl', 'kjaksjdkajskldj<image src= \'http://127.0.0.1/phptest/wxci/assets/uploads/47450ed623e74881081943ea1cb8a0ca.jpg\'></image>', '2018-06-18 11:40:15', 't', null);
INSERT INTO `share` VALUES ('59', null, null, null, '2018-06-18 14:47:31', null, null);
INSERT INTO `share` VALUES ('63', '6', null, null, '2018-06-18 15:11:07', 'a', 'http://127.0.0.1/phptest/wxci/assets/uploads/2ecd0af58feef8057037a163c470bc67.jpg');
INSERT INTO `share` VALUES ('64', '6', null, null, '2018-06-18 15:16:27', 'a', 'http://127.0.0.1/phptest/wxci/assets/uploads/47bb72bdbe6521ec168ba022d37bba19.jpg');
INSERT INTO `share` VALUES ('66', '6', null, null, '2018-06-18 15:19:43', 'a', 'http://127.0.0.1/phptest/wxci/assets/uploads/f1816f4c0993fad6ed9133389bc6b8d2.jpg');
INSERT INTO `share` VALUES ('67', '6', 'asd', '<image src= \'http://127.0.0.1/phptest/wxci/assets/uploads/a589b0017060058254ca516039fc2032.jpg\'></image>', '2018-06-18 16:34:21', 's', null);
INSERT INTO `share` VALUES ('68', '6', 'laskdjkljkjJk', 'kjaksjd<image src= \'http://127.0.0.1/phptest/wxci/assets/uploads/6b13aef21b339113526101c8dc56f040.jpg\'></image>', '2018-06-18 16:34:43', 't', null);
INSERT INTO `share` VALUES ('69', '6', null, null, '2018-06-18 17:13:01', 'a', 'http://127.0.0.1/phptest/wxci/assets/uploads/699996ba03b686348824473d8d617344.jpg');
INSERT INTO `share` VALUES ('70', '6', null, null, '2018-06-18 17:15:25', 'a', 'http://127.0.0.1/phptest/wxci/assets/uploads/19ddf9cd267c87b842f4147027ed0d7f.jpg');
INSERT INTO `share` VALUES ('71', '6', null, null, '2018-06-18 17:16:25', 'a', 'http://127.0.0.1/phptest/wxci/assets/uploads/acdcae2dabaa8e96a0ed52870bba9d00.jpg');
INSERT INTO `share` VALUES ('72', '6', null, null, '2018-06-18 17:17:00', 'a', 'http://127.0.0.1/phptest/wxci/assets/uploads/de97329f2a5994272ef3f31ebe47799c.jpg');
INSERT INTO `share` VALUES ('73', '6', null, null, '2018-06-18 17:38:54', 'a', 'http://127.0.0.1/phptest/wxci/assets/uploads/5f622842beeea05ea659b0ecce2edeba.jpg');
INSERT INTO `share` VALUES ('74', '6', null, null, '2018-06-18 17:40:50', 'a', 'http://127.0.0.1/phptest/wxci/assets/uploads/17b95ae467879a680c3236ac35d35ead.jpg');
INSERT INTO `share` VALUES ('75', '6', null, null, '2018-06-18 17:44:22', 'a', 'http://127.0.0.1/phptest/wxci/assets/uploads/4027859c25b67445620dc51de50bcaea.jpg');
INSERT INTO `share` VALUES ('76', '6', null, null, '2018-06-18 17:45:21', 'a', 'http://127.0.0.1/phptest/wxci/assets/uploads/7106ab50fd306c45f6eb35ef8ca6f99f.jpg');
INSERT INTO `share` VALUES ('77', '6', null, null, '2018-06-18 17:45:54', 'a', 'http://127.0.0.1/phptest/wxci/assets/uploads/4bff49449614fb542a483043a1d5ed5c.jpg');
INSERT INTO `share` VALUES ('78', '6', null, null, '2018-06-18 17:46:57', 'a', 'http://127.0.0.1/phptest/wxci/assets/uploads/aa1fb7dd1b2d0928684758b1c21de690.jpg');
INSERT INTO `share` VALUES ('82', '6', 'alksjdklj', 'kjjaklsjdkajsd\n<image src= \'http://127.0.0.1/phptest/wxci/assets/uploads/1338427b0e9a46db3abdab84b6154734.jpg\'></image><image src= \'http://127.0.0.1/phptest/wxci/assets/uploads/1cbc8ee5179637ac04c5f25b9d1e43c8.jpg\'></image><image src= \'http://127.0.0.1/phptest/wxci/assets/uploads/91e1e9114a1143c67015983d38359fa9.jpg\'></image><image src= \'http://127.0.0.1/phptest/wxci/assets/uploads/44c569292ee4c0e389028580d232cf71.jpg\'></image><image src= \'http://127.0.0.1/phptest/wxci/assets/uploads/76854f126141a54a549f6be8894a9cd2.jpg\'></image><image src= \'http://127.0.0.1/phptest/wxci/assets/uploads/59b8c7e61778656ef1edf03237fae0e0.jpg\'></image><image src= \'http://127.0.0.1/phptest/wxci/assets/uploads/42ca3268ccdfb1fc244dadb23dc7f3f4.jpg\'></image><image src= \'http://127.0.0.1/phptest/wxci/assets/uploads/bae41c7f9d1bb39776114db77ef6a97d.jpg\'></image>', '2018-06-18 19:18:01', 's', null);
INSERT INTO `share` VALUES ('83', '6', 'kasljdklj', 'kjkjaksjd<image src= \'http://127.0.0.1/phptest/wxci/assets/uploads/5ebedaf55d23be6ebe95431003f0839d.jpg\'></image><image src= \'http://127.0.0.1/phptest/wxci/assets/uploads/fd80099e946081a6124c5580fc6aaba4.jpg\'></image><image src= \'http://127.0.0.1/phptest/wxci/assets/uploads/6b72b03f186aff5a411bb5e53138bc1d.jpg\'></image><image src= \'http://127.0.0.1/phptest/wxci/assets/uploads/57ed8a18bb94f4ea1d97611e08a4b666.jpg\'></image><image src= \'http://127.0.0.1/phptest/wxci/assets/uploads/c1a21fd59d9dd871a5aa482866b5c498.jpg\'></image><image src= \'http://127.0.0.1/phptest/wxci/assets/uploads/3ea339f64f77c355648f24732ea5cc2c.jpg\'></image><image src= \'http://127.0.0.1/phptest/wxci/assets/uploads/c98112d54d7ab6728ef81547dc2cbf4d.jpg\'></image><image src= \'http://127.0.0.1/phptest/wxci/assets/uploads/8b5a56863082be21a80610b3a902029b.jpg\'></image>', '2018-06-18 19:18:27', 't', null);
INSERT INTO `share` VALUES ('87', null, null, null, '2018-06-20 12:39:16', null, null);
INSERT INTO `share` VALUES ('88', '6', 'sss', 'sss<image src= \'http://140.143.186.35/wxci/assets/uploads/62141a936042a95ba02f9e0577889807.jpg\'></image>\n\n测试', '2018-06-20 12:49:20', 's', null);
INSERT INTO `share` VALUES ('90', '7', 'agdhh', 'dhhdjd<image src= \'http://140.143.186.35/wxci/assets/uploads/e10559afff20024ab917cd7e78867e36.jpg\'></image>', '2018-06-20 19:55:11', 's', null);
INSERT INTO `share` VALUES ('91', '7', 'abcd', 'jdjd<image src= \'http://140.143.186.35/wxci/assets/uploads/b355f5036165c1aa7a093633f5fb9cfc.jpg\'></image>', '2018-06-20 19:56:36', 't', null);
INSERT INTO `share` VALUES ('94', '7', '十大写作黄金句式', '胖鱼们，周末快乐呀！\n\n还记得我们之前学的几个句式么？\n\n唧唧复唧唧，学习当趁早~\n\n<image src= \'http://140.143.186.35/wxci/assets/uploads/c7b85a068e7a1f6855bcff0b4ab17818.jpg\'></image>\n\n三、对比和对照句式\n\n1. Some hold that this experience would give them the edge in future competition after graduation, while others argue that it might hinder their academic pursuit.\n\n2. Different from selling our own belongings in the flea market, running a shop requires careful consideration and preparation in many aspects.\n\n3. At college, our main task is to acquire knowledge; our main trial is to do well in various exams. But at work people are expected to shoulder much more responsibility.\n\n4. With traditional teaching tools such as blackboards and chalks or the newly developed multimedia equipment, students and teachers have to come to school to enjoy learning or teaching. However, with the Internet,they are likely to interact at home in future, for example, through video conference.\n\n5. The former serves to conjure up images of conflict, selfishness, and dog-eat-dog behavior; the latter suggests harmony, community, andbenevolence.\n\n五、举例论证句式\n\n1. Ambition may well serve as a catalyst activating dormant potentials. …A case in point is Ms Zhang Haidi, the Chinese Helen Keller.\n\n2. Take Liu Xiang for example, who won the gold medal in the 110 meters hurdles of the 2004 Olympics, which had been the first gold medal for Asians in the Olympic track and field.\n\n【扩展】Let me cite …as an example./ A good example is that…\n\n3. It means my success is your failure. If I obtain my goal, then you don’t obtain yours. It is best exemplified by a match in which individuals or teams strive against each other to obtain a goal that only one can ultimately achieve, such as a tennis or football game.\n\n4. Despite the various profits urbanization has brought to our country,many problems turn up as a result of the process: environmental deterioration, warming climate, and housing insufficiency, to name just a few.\n\n5. The cost may amount to several thousand yuan if it is an urgent interview in a remote location, and it is quite common to see a northern candidate flies all the way to a southern city for a job opportunity.\n\n', '2018-06-20 22:49:07', 'a', 'http://140.143.186.35/wxci/assets/uploads/10d9abb31069d46217e17afaf61fc5e2.jpg');
INSERT INTO `share` VALUES ('95', '7', '带你读名著∣《傲慢与偏见》Part 1\n\n', '同学们好，今天是带你读名著时间。从这周开始我们要读的是《傲慢与偏见》。\n\n《傲慢与偏见》（Pride and Prejudice）是英国女小说家简·奥斯汀的创作的长篇小说。小说描写了小乡绅班纳特五个待字闺中的千金，主角是二女儿伊丽莎白。她在舞会上认识了达西，但是耳闻他为人傲慢，一直对他心生排斥，经历一番周折，伊丽莎白解除了对达西的偏见，达西也放下傲慢，有情人终成眷属。 这部作品以日常生活为素材，以反当时社会上流行的感伤小说的内容和矫揉造作的写作方法，生动地反映了18世纪末到19世纪初处于保守和闭塞状态下的英国乡镇生活和世态人情。并多次被改编成电影和电视剧。\n\n<image src= \'http://140.143.186.35/wxci/assets/uploads/a260b041036ee1224bd9d912f5f7d6a2.jpg\'></image>\nIT is a truth universally acknowledged, that a single man in possession of a good fortune must be in want of a wife.\n\n凡是有钱的单身汉，总想娶位太太，这已经成了一条举世公认的真理。\n\nHowever little known the feelings or views of such a man may be on his first entering aneighbourhood, this truth is so well fixed in the minds of the surrounding families, that he isconsidered as the rightful property of some one or other of their daughters.\n\n这样的单身汉，每逢新搬到一个地方，四邻八舍虽然完全不了解他的性情如何，见解如何，可是，既然这样的一条真理早已在人们心目中根深蒂固，因此人们总是把他看作自己某一个女儿理所应得的一笔财产。\n\n\"My dear Mr. Bennet,\" said his lady to him one day, \"have you heard that Netherfield Park islet at last?\"\n\n有一天班纳特太太对她的丈夫说：“我的好老爷，尼日斐花园终于租出去了，你听说过没有？”\n\nMr. Bennet replied that he had not.\n\n班纳特先生回答道，他没有听说过。\n\n\"But it is,\" returned she; \"for Mrs. Long has just been here, and she told me all about it.\"\n\n“的确租出去了，”她说，“朗格太太刚刚上这儿来过，她把这件事的底细，一五一十地告诉了我。”\n\nMr. Bennet made no answer.\n\n班纳特先生没有理睬她。\n\n\"Do not you want to know who has taken it?\" cried his wife impatiently.\n\n“你难道不想知道是谁租去的吗？”太太不耐烦地嚷起来了。\n\n\"You want to tell me, and I have no objection to hearing it.\"\n\n“既是你要说给我听，我听听也无妨。”\n\nThis was invitation enough.\n\n这句话足够鼓励她讲下去了。\n\n\"Why, my dear, you must know, Mrs. Long says that Netherfield is taken by a young man oflarge fortune from the north of England; that he came down on Monday in a chaise andfour to see the place, and was so much delighted with it that he agreed with Mr. Morrisimmediately; that he is to take possession before Michaelmas, and some of his servantsare to be in the house by the end of next week.\"\n\n“哦！亲爱的，你得知道，郎格太太说，租尼日斐花园的是个阔少爷，他是英格兰北部的人；听说他星期一那天，乘着一辆驷马大轿车来看房子，看得非常中意，当场就和莫理斯先生谈妥了；他要在‘米迦勒节\'以前搬进来，打算下个周未先叫几个佣人来住。”\n\n\"What is his name?\"\n\n“这个人叫什么名字？”\n\n\"Bingley.\"\n\n“彬格莱。”\n\n\"Is he married or single?\"\n\n“有太太的呢，还是单身汉？”\n\n\"Oh! single, my dear, to be sure! A single man of large fortune; four or five thousand ayear. What a fine thing for our girls!\"\n\n“噢！是个单身汉，亲爱的，确确实实是个单身汉！一个有钱的单身汉；每年有四五千磅的收入。真是女儿们的福气！”\n\n\"How so? how can it affect them?\"\n\n“这怎么说？关女儿女儿们什么事？”\n\n\"My dear Mr. Bennet,\" replied his wife, \"how can you be so tiresome! You must know that Iam thinking of his marrying one of them.\"\n\n“我的好老爷，”太太回答道，“你怎么这样叫人讨厌！告诉你吧，我正在盘算，他要是挑中我们一个女儿做老婆，可多好！”\n\n\"Is that his design in settling here?\"\n\n“他住到这儿来，就是为了这个打算吗？”\n\n\"Design! nonsense, how can you talk so! But it is very likely that he may fall in love withone of them, and therefore you must visit him as soon as he comes.\"\n\n“打算！胡扯，这是哪儿的话！不过，他倒作兴看中我们的某一个女儿呢。他一搬来，你就得去拜访拜访他。”\n\n\"I see no occasion for that. You and the girls may go, or you may send them bythemselves, which perhaps will be still better; for, as you are as handsome as any of them, Mr. Bingley might like you the best of the party.\"\n\n“我不用去。你带着女儿们去就得啦，要不你干脆打发她们自己去，那或许倒更好些，因为你跟女儿们比起来，她们哪一个都不能胜过你的美貌,你去了，彬格莱先生倒可能挑中你呢？”\n\n\"My dear, you flatter me. I certainly have had my share of beauty, but I do not pretend to be any thing extraordinary now. When a woman has five grown up daughters, sheought to give over thinking of her own beauty.\"\n\n“我的好老爷，你太捧我啦。从前也的确有人赞赏过我的美貌，现在我可有敢说有什么出众的地方了。一个女人家有了五个成年的女儿，就不该对自己的美貌再转什么念头。”\n\n\"In such cases, a woman has not often much beauty to think of.\"\n\n“这样看来，一个女人家对自己的美貌也转不了多少念头喽。”“不过，我的好老爷，彬格莱一搬到我们的邻近来，你的确应该去看看他。”\n\n重点单词\n\nextraordinary [iks\'trɔ:dnri] adj. 非凡的，特别的，特派的\n\nproperty [\'prɔpəti] n. 财产，所有物，性质，地产，道具\n\nfortune [\'fɔ:tʃən] n. 财产，命运，运气\n\npretend [pri\'tend] v. 假装，装作 adj. 假装的\n\nflatter [\'flætə] v. 阿谀奉承，取悦，炫耀n. 平整工具\n\nobjection [əb\'dʒekʃən] n. 反对，异议	\n\ninvitation [.invi\'teiʃən] n. 邀请，招待，邀请函，引诱，招致\n\npossession [pə\'zeʃən] n. 财产，所有，拥有\n\naffect [ə\'fekt] vt. 影响，作用，感动\n\n\n', '2018-06-20 23:12:40', 'a', 'http://140.143.186.35/wxci/assets/uploads/9278e8363b7b2e60308f321fcd2f1d5f.jpg');
INSERT INTO `share` VALUES ('96', '7', '《必要的谎言》：No one would ever be able to erase the words.\n\n', '在不为人知的角落，有一群人，他们处于社会的底层，受人白眼因为他们受人“恩惠”，因为他们是所谓的“社会寄生虫”。\n\n贫穷落魄，智力缺陷，生理疾病成为了他们任人主宰的理由，尊严、自由和爱情在生存面前成了天方夜谭。\n\n今天要介绍的这本小说《必要的谎言》 (Necessary Lies) 讲述的就是这样一群人的故事，他们生活在一则则看似冠冕堂皇的谎言中，他们被骗，他们骗人，他们自欺欺人。\n\n这本小说是美国知名小说家黛安娜‧夏伯兰 (Diane Chamberlain) 的代表作。\n\n<image src= \'http://140.143.186.35/wxci/assets/uploads/31a1399210d547f6201922cf7d7d69e7.jpg\'></image>\n\n接下来，让我们读一些引人深思的句子吧。\n\n[有些句子偏口语化，并不是语法错误]\n\nSometimes coloring outside the lines can cost you. Only you can figure out if it\'s worth it.\n\n有时候，将外面的街道涂成彩色是需要付出代价了。只有你自己才能判断这样做值不值得。\n\nYou and me, we both got the same kind of hurt inside us.\n\n你和我，内心都有相同的伤痕。\n\nShe nodded, and suddenly, just like that, I knew I could trust her with my life.\n\n她轻轻点头，就这样，我突然间觉得，我可以将自己的性命交给她。\n\nAll the love in the world doesn\'t put food on the table.\n\n爱并不能填饱肚子。\n\nThere was something real breakable about Mary Ella and I was always afraid if I touched her in the wrong spot, she\'d crack.\n\n玛丽‧埃拉 (艾维的姐姐) 似乎有个很脆弱的地方，我总是很担心，如果不小心碰到它，她整个人会碎掉。\n\nFeelings are never right or wrong. They just are.\n\n感情没有对错之分，它们就是你当下的所感所受。\n\n\n<image src= \'http://140.143.186.35/wxci/assets/uploads/6aa8c6b3148eedfd94dfb284ff737749.jpg\'></image>', '2018-06-20 23:16:01', 'a', 'http://140.143.186.35/wxci/assets/uploads/8984abe9512f354de38d629072f852ef.jpg');
INSERT INTO `share` VALUES ('97', '7', '这4个妙招，助你成为一个会聊天的人！|干货\n\n', '今天，我们分享4个小tips，小本本都准备好了吗？\n\n现在加上一句有奇效的话\n\nNow add the magic sentence\n\n当有人跟你倾诉他们为了生存所做的事情时，你只要说一句:\"噢，听起来真的很不容易哦。\"那么，你就达到了交谈的目标。事实上，交谈的目的就是让对方感到自己是无比特殊的。(这个方法是不是棒棒哒？快来夸人家~)\n\n下面这几点多多益善\n\nDo a lot of all this\n\n记住要保持礼貌的态度。另外，要多听，而不是多说。与对方进行眼神上的交流，或者是通过点头、微笑来回应对方。适时地表示(诚恳的)赞美。用笑来回应对方讲的笑话，即使是不太好笑的笑话。尽量记住对方的姓名，以及你们聊天的内容，最后以友好的方式结束对话，例如，你可以说:\"奥利弗，很高兴遇见你。我回头一定会去了解下你推荐的网站。噢，对了，希望你在马拉松赛跑中好运哦。\"(机智如我，还有谁？)\n\n<image src= \'http://140.143.186.35/wxci/assets/uploads/40f8d2bfc28ae8e2eb0f36b307fbc3d1.jpg\'></image>\n\n那么，呃......天气怎么样？\n\nSo, uhm… the weather, huh?\n\n可能你和对方之间突然没话说了，有时候气氛还会有些尴尬。这时，你需要引出一个新的话题，继续同对方交流。没人会奢望闲聊的话题之间能够衔接得很自然。因此，即使谈论完了某些话题，也不要害怕转换话题。\n\n离开时要简洁要巧妙\n\nBe brief. Be bright. Be gone.\n\n最好在交谈陷入窘境之前选择离开，那么究竟该如何表达自己想要离开的想法呢？你可以跟对方借口说自己要去洗手间(经典的一招！)，也可以把对方介绍给其他人，或者告诉对方你要去找一下某人。如果以上托辞都无法使用，那么你还可以借口要赶公交或者回去看书。无论选择哪种托辞，都记得要尽量保持礼貌和风度。如果你和对方聊得十分投机，不要忘记互相交换具体的联系方式哟！\n\n', '2018-06-20 23:20:39', 'a', 'http://140.143.186.35/wxci/assets/uploads/c4846e6738f9be1840135867034a0a1d.jpg');
INSERT INTO `share` VALUES ('98', '7', '是时候给歪果仁科普一波端午节粽子了\n\n', '￼\n\n今天就是端午节（Dragon Boat Festival）啦，你吃的什么馅的粽子？\n\n￼\n<image src= \'http://140.143.186.35/wxci/assets/uploads/2d2b01e444fa7a48d1d8046575b765e6.jpg\'></image>\n\n五月五过端午\n\n端午节的由来是为了纪念爱国诗人屈原。屈原是战国时期楚国的政治家，由于大胆劝谏而触犯了楚王，最后被罢官流放。楚国灭亡时，屈原投江自尽。\n\nDragon Boat Festival, also known as Duanwu, is to commemorate the death of ancient Chinese poet Qu Yuan. Qu Yuan was a court official and adviser to the ruler of the state of Chu during that time in history in China known as the Warring States Period (475-221 BC). However, he was dismissed and sent home, mainly because he didn\'t always tell his emperor what he wanted to hear. When the state of Chu was swallowed by its stronger neighbor, Qu committed suicide in the river.\n端午节吃粽子\n\n英文中粽子可以直接用汉语拼音zongzi，或者以描述其原料和口感的起名方法称为glutinous rice dumplings。很多中国特有的食物，都可以直接用拼音，比如饺子就可以说jiao zi而不一定要说dumpling。粽子也有译作Chinese tamale的，tamale指的是“（墨西哥）玉米粉蒸肉”，外观倒与我们的粽子颇为相似\n除了吃粽子、赛龙舟（Dragon Boat racing），端午节还有喝雄黄酒（realgar wine）的传统，人们认为雄黄酒可以祛病强身（it is believed provides protection against illness），另有习俗是家家户户要在门口挂上艾草（artemisia）和菖蒲（calamus）用来辟邪（ward off evil）。\n\n虽然一些传统到现在已经不时兴了，但是吃粽子这件事儿大家依然念念不忘。而且还无可避免甜粽党VS咸粽党的一场争斗\n\n\n\n', '2018-06-20 23:23:43', 'a', 'http://140.143.186.35/wxci/assets/uploads/5e98c28238463a9a07f601dbceb3418f.jpg');
INSERT INTO `share` VALUES ('99', '7', '可能你连Where are you from?都回答错了！\n\n', '“Where are you from?”的意思是“你从哪里来？”。经常有人，看见外国人匆匆过来，就问一句，“Where are you from?”\n\n\n可是这样你会把外国人问懵了的，人家会觉得，都认识这么久了，我是哪国人你不知道么？请看下面具体的解释。\n\n\n<image src= \'http://140.143.186.35/wxci/assets/uploads/e6c631b0bbca274a6861eef9cf80b4cf.gif\'></image>\n\n1、“Where are you from?”\n\n\n“Where are you from?”是问哪个国家的人，或是哪个城市的人。而不能表示“你刚从哪里过来？”\n\n\n如果想表示“你刚刚从哪里过来？”，要问“Where are you coming from?”\n\n\n2、如何回答“Where are you from?”\n\n\n如果发生在美国，一个美国人问另外一个美国人，这句话便是问“你是哪一个州或是哪个城市来的？”\n\n\n而如果你在巴黎碰到美国人，他问你Where are you from？那你就要回答你来自中国。\n\n\n而如果你在北京故宫遇到外国人，他问你Where are you from?\n\n\n你若是说I\'m from China，就是多此一举了，他一定知道你是中国人。而如果你说你来自青岛，说了和没说一样，外国人对青岛没有概念。\n\n\n这时候最好是说，I\'m from Qingdao. It\'s a coastal city，and it’s the capital city of Shandong province.这样就有意义了。\n\n', '2018-06-20 23:26:00', 'a', 'http://140.143.186.35/wxci/assets/uploads/c6287eab59af25d498f45ac9aecd4e5b.gif');
INSERT INTO `share` VALUES ('100', '7', '我花了17年零114天，才有了那一夜成名\n\n', '碎片时间学发音，练听力，涨词汇\n\n默默超过同龄人~\n\n今天的学习材料来自阿根廷巴塞罗那俱乐部的足球明星梅西的语录\n\n<image src= \'http://140.143.186.35/wxci/assets/uploads/c33de7b90b7504176d75c8b330ddb5b4.jpg\'></image>\n\nI start early and I stay late, day after day, year after year.\n\nIt took me 17 years and 114 days to become an overnight success.\n\n我起早贪黑，日复一日，年复一年\n\n我花了17年零114天，才有了一夜成名\n\n练口语\n\nI star-dearly anI stay late, day after day, yea-rafter year.\n\nI(t) took me 17 years an(d) 114 days to becoma-no-vernigh(t) success.\n\n涨词汇\n\novernight success 一夜成名\n\n', '2018-06-20 23:28:11', 'a', 'http://140.143.186.35/wxci/assets/uploads/62a0f24f106190451762be1d5991021c.jpg');
INSERT INTO `share` VALUES ('102', '7', '大家都知道哪些写作句式，一起来分享吧~', '1. Some hold that this experience would give them the edge in future competition after graduation, while others argue that it might hinder their academic pursuit.\n\n2. Different from selling our own belongings in the flea market, running a shop requires careful consideration and preparation in many aspects.\n\n3. At college, our main task is to acquire knowledge; our main trial is to do well in various exams. But at work people are expected to shoulder much more responsibility.\n\n4. With traditional teaching tools such as blackboards and chalks or the newly developed multimedia equipment, students and teachers have to come to school to enjoy learning or teaching. However, with the Internet,they are likely to interact at home in future, for example, through video conference.\n\n5. The former serves to conjure up images of conflict, selfishness, and dog-eat-dog behavior; the latter suggests harmony, community, andbenevolence.\n\n', '2018-06-20 23:34:12', 't', null);
INSERT INTO `share` VALUES ('103', '7', '英语学习新方法', '一起来晒出你的学习方法吧~<image src= \'http://140.143.186.35/wxci/assets/uploads/4e0d8bc3296c380db11144b674c95e7a.gif\'></image>', '2018-06-20 23:35:20', 't', null);
INSERT INTO `share` VALUES ('108', '10', '分享', 'A dream doesn\'t become reality through magic; it takes sweat, determination and hard work. ——Colin Powell', '2018-06-20 23:56:20', 's', null);
INSERT INTO `share` VALUES ('109', '11', '啦啦啦', '我想回家<image src= \'http://140.143.186.35/wxci/assets/uploads/35f0bdc3d4d036859579715e019ea049.jpg\'></image>', '2018-06-21 00:12:43', 's', null);
INSERT INTO `share` VALUES ('110', '12', '我忘了说啥(o\'ω\'o)？', ' https://xue.youdao.com/sw/m/1631175?server=sw&_t=201806210001&baseUrl=http%3A%2F%2Fxue.youdao.com%2Fsw%2Fm%2F1631175&infoId=861119&beginfrom=cidian&from=singlemessage', '2018-06-21 00:14:17', 's', null);
INSERT INTO `share` VALUES ('112', '17', 'I like studying', 'I study everyday,so I am very clever now.<image src= \'http://140.143.186.35/wxci/assets/uploads/968afe52053ac54b2d9c4a6087095646.jpg\'></image>', '2018-06-23 21:03:51', 's', null);
INSERT INTO `share` VALUES ('113', '9', '学习学习', '学习学习', '2018-06-25 17:08:26', 't', null);
INSERT INTO `share` VALUES ('114', '8', '好好学习', '天天向上<image src= \'http://140.143.186.35/wxci/assets/uploads/f01f5af8af389120083a4ee6adcabfbb.jpg\'></image>', '2018-06-25 21:21:48', 's', null);
INSERT INTO `share` VALUES ('115', '7', '对比句式', '1. Some hold that this experience would give them the edge in future competition after graduation, while others argue that it might hinder their academic pursuit.\n\n2. Different from selling our own belongings in the flea market, running a shop requires careful consideration and preparation in many aspects.\n\n3. At college, our main task is to acquire knowledge; our main trial is to do well in various exams. But at work people are expected to shoulder much more responsibility.\n\n4. With traditional teaching tools such as blackboards and chalks or the newly developed multimedia equipment, students and teachers have to come to school to enjoy learning or teaching. However, with the Internet,they are likely to interact at home in future, for example, through video conference.\n\n5. The former serves to conjure up images of conflict, selfishness, and dog-eat-dog behavior; the latter suggests harmony, community, andbenevolence.\n\n', '2018-06-26 17:32:57', 's', null);
INSERT INTO `share` VALUES ('116', '7', '对比句式2', '1. Some hold that this experience would give them the edge in future competition after graduation, while others argue that it might hinder their academic pursuit.\n\n2. Different from selling our own belongings in the flea market, running a shop requires careful consideration and preparation in many aspects.\n\n3. At college, our main task is to acquire knowledge; our main trial is to do well in various exams. But at work people are expected to shoulder much more responsibility.\n\n4. With traditional teaching tools such as blackboards and chalks or the newly developed multimedia equipment, students and teachers have to come to school to enjoy learning or teaching. However, with the Internet,they are likely to interact at home in future, for example, through video conference.\n\n5. The former serves to conjure up images of conflict, selfishness, and dog-eat-dog behavior; the latter suggests harmony, community, andbenevolence.\n\n<image src= \'http://140.143.186.35/wxci/assets/uploads/59fa7e76c38902346d908b9b1d375ea8.jpg\'></image>', '2018-06-26 17:30:58', 's', null);
INSERT INTO `share` VALUES ('117', '7', '对比句式3', '1. Some hold that this experience would give them the edge in future competition after graduation, while others argue that it might hinder their academic pursuit.\n\n2. Different from selling our own belongings in the flea market, running a shop requires careful consideration and preparation in many aspects.\n\n3. At college, our main task is to acquire knowledge; our main trial is to do well in various exams. But at work people are expected to shoulder much more responsibility.\n\n4. With traditional teaching tools such as blackboards and chalks or the newly developed multimedia equipment, students and teachers have to come to school to enjoy learning or teaching. However, with the Internet,they are likely to interact at home in future, for example, through video conference.\n\n5. The former serves to conjure up images of conflict, selfishness, and dog-eat-dog behavior; the latter suggests harmony, community, andbenevolence.\n\n', '2018-06-26 17:31:01', 's', null);
INSERT INTO `share` VALUES ('118', '7', '举例论证句式1', '1. Ambition may well serve as a catalyst activating dormant potentials. …A case in point is Ms Zhang Haidi, the Chinese Helen Keller.\n\n2. Take Liu Xiang for example, who won the gold medal in the 110 meters hurdles of the 2004 Olympics, which had been the first gold medal for Asians in the Olympic track and field.\n\n【扩展】Let me cite …as an example./ A good example is that…\n\n<image src= \'http://140.143.186.35/wxci/assets/uploads/d9ca081f2805649359176e296fddce03.gif\'></image>', '2018-06-26 17:31:06', 's', null);
INSERT INTO `share` VALUES ('119', '7', '举例论证句式2', '. It means my success is your failure. If I obtain my goal, then you don’t obtain yours. It is best exemplified by a match in which individuals or teams strive against each other to obtain a goal that only one can ultimately achieve, such as a tennis or football game.\n\n4. Despite the various profits urbanization has brought to our country,many problems turn up as a result of the process: environmental deterioration, warming climate, and housing insufficiency, to name just a few.\n\n', '2018-06-26 17:31:11', 's', null);
INSERT INTO `share` VALUES ('120', '12', '真·冷门', '世界杯进行得如火如荼，开赛多日以来冷门迭出，往常空无一人的天台这段时间也因为人流过多甚至出现了需要排队的局面。\n￼\n那么“冷门”用英语该怎么表达呢？一起来了解一下吧~\n1. the unexpected winner 爆冷\n\nMexico is the unexpected winner in the match with Germany. 墨西哥爆冷击败了德国队。\n\n2. secure shock win 爆冷\n这个表达就是当年夺冠热门西班牙爆冷被瑞士队击败时BCC标题中使用的表达了，也可以表示“爆冷”之意\n\nMexico secure shock win over Germany. 墨西哥爆冷击败了德国。\n\n￼\n3. pull off an upset win 爆冷\n\nSwitzerland is not expected to beat Germany, so they are looking to pull off an upset win. 瑞士队并不被看好，所以他们希望可以爆冷。\n\n对于比赛中爆冷的，也就是实力被认为较弱不被看好的一方，也有其专有的表达\n4. underdog 比赛中不被看好者，鱼腩部队，弱者\n\nSoccer fans usually feel sympathy for the underdog. 足球迷经常会同情弱者。\n\n￼\n而比赛中被爆冷的一方，即被看好的一方或者夺冠热门，也有其表达\n5.favorite 夺冠热门\n\nThe World Cup has been won by the favorite Spain. 世界杯被夺冠热门西班牙捧起。\n\n6.shoo-in 十拿九稳者，夺冠热门\n\nSpain looked like a shoo-in to win the final. 看起来西班牙赢下决赛是十拿九稳的事。\n\n', '2018-06-26 17:32:11', 's', null);

-- ----------------------------
-- Table structure for `slide`
-- ----------------------------
DROP TABLE IF EXISTS `slide`;
CREATE TABLE `slide` (
  `slide_id` int(11) NOT NULL AUTO_INCREMENT,
  `home_pic` text,
  `comu_pic` text,
  `slide_type` varchar(255) DEFAULT NULL,
  PRIMARY KEY (`slide_id`)
) ENGINE=InnoDB AUTO_INCREMENT=22 DEFAULT CHARSET=utf8;

-- ----------------------------
-- Records of slide
-- ----------------------------
INSERT INTO `slide` VALUES ('1', 'http://127.0.0.1/phptest/wxci/assets/uploads/54375825de3a60d702aa7a59f189cf8e.jpg+++http://127.0.0.1/phptest/wxci/assets/uploads/7ae345f30c6586a04d10aa891e6094b6.jpg+++http://127.0.0.1/phptest/wxci/assets/uploads/257ca41a36bc69405095ddd34b7668de.jpg+++http://127.0.0.1/phptest/wxci/assets/uploads/57ed782260d8134623711a316d275252.jpg+++', null, 'h');
INSERT INTO `slide` VALUES ('2', 'http://127.0.0.1/phptest/wxci/assets/uploads/492824faf8f8481c83e99b50f9bc534b.jpg+++http://127.0.0.1/phptest/wxci/assets/uploads/a984aabc60ad23972d5fce77ffd40107.jpg+++http://127.0.0.1/phptest/wxci/assets/uploads/e3cd154a254b60ef2bd246c83823eac5.jpg+++http://127.0.0.1/phptest/wxci/assets/uploads/e0c2f2538aac01930261b46d5e49289d.jpg+++', null, 'h');
INSERT INTO `slide` VALUES ('3', 'http://127.0.0.1/phptest/wxci/assets/uploads/337a6f81c4778f6158cb4387fda93088.jpg+++http://127.0.0.1/phptest/wxci/assets/uploads/14654fa98ea6e70fc385a7605be5874e.jpg+++http://127.0.0.1/phptest/wxci/assets/uploads/0c64cec8c126d383fdebb0902fad77cb.jpg+++http://127.0.0.1/phptest/wxci/assets/uploads/0143f5abe6a5d9a6a05cf93f51d21453.jpg+++', null, 'c');
INSERT INTO `slide` VALUES ('4', 'http://127.0.0.1/phptest/wxci/assets/uploads/5d8e3e4ba92748498ac43f588557d2cc.jpg+++http://127.0.0.1/phptest/wxci/assets/uploads/1fea340359dff212382fbbdbc90539f9.jpg+++http://127.0.0.1/phptest/wxci/assets/uploads/bcb7b54ba4ac20df41cd2b48306b5d45.jpg+++http://127.0.0.1/phptest/wxci/assets/uploads/7da0da4f791fcaeefbd055bed4e443cc.jpg+++', null, 'c');
INSERT INTO `slide` VALUES ('5', null, null, null);
INSERT INTO `slide` VALUES ('6', 'http://127.0.0.1/phptest/wxci/assets/uploads/940c62db3a29f2a2915bd77e9c32ed60.jpg+++http://127.0.0.1/phptest/wxci/assets/uploads/c8ffa4e9711a498cf8d3ee8fdece9bad.jpg+++http://127.0.0.1/phptest/wxci/assets/uploads/db14fa63c7de9e10b178a17dfdd2fd60.jpg+++http://127.0.0.1/phptest/wxci/assets/uploads/7b77af0656637158ddddfb36d01ce753.jpg+++', null, 'c');
INSERT INTO `slide` VALUES ('7', 'http://127.0.0.1/phptest/wxci/assets/uploads/b851e87b1b9d52fefe9e7e08ed359149.jpg+++http://127.0.0.1/phptest/wxci/assets/uploads/0cb6d7bae4fad105b4d77a832340b0a7.jpg+++http://127.0.0.1/phptest/wxci/assets/uploads/b17686cc4ef2e878a49b06ab7d938bea.jpg+++http://127.0.0.1/phptest/wxci/assets/uploads/d20505cc6aa59b9911972d743be1be8f.jpg+++', null, 'h');
INSERT INTO `slide` VALUES ('8', 'http://127.0.0.1/phptest/wxci/assets/uploads/98b352328958d242787b7461eca84b8c.jpg+++http://127.0.0.1/phptest/wxci/assets/uploads/7081881eb9228ecabee3891570fab435.jpg+++http://127.0.0.1/phptest/wxci/assets/uploads/6ec9b0b22db29b69063c5b651991271f.jpg+++http://127.0.0.1/phptest/wxci/assets/uploads/2b330b3700d34641d2598a30bf52004e.jpg+++', null, 'c');
INSERT INTO `slide` VALUES ('9', 'http://127.0.0.1/phptest/wxci/assets/uploads/e1733db2ec48be29f1941df200385caf.jpg+++http://127.0.0.1/phptest/wxci/assets/uploads/877caca5702b89d7dc004196e994d699.jpg+++http://127.0.0.1/phptest/wxci/assets/uploads/f301c3d9c7c1930352a865f1d9d694f0.jpg+++http://127.0.0.1/phptest/wxci/assets/uploads/d788cf774e09417cec5838218e44a346.jpg+++', null, 'h');
INSERT INTO `slide` VALUES ('10', 'http://140.143.186.35/wxci/assets/uploads/af8ac684510b8286d9ee14d6652b9d65.jpg+++http://140.143.186.35/wxci/assets/uploads/0fbd0a50b1cfdcf8dddfa79161a0442a.jpg+++http://140.143.186.35/wxci/assets/uploads/19dbf94a45feb3f0a0801e66ef97770a.jpg+++http://140.143.186.35/wxci/assets/uploads/6f4e11f15946e5e1bfcf4edfed98d166.jpg+++', null, 'h');
INSERT INTO `slide` VALUES ('11', 'http://140.143.186.35/wxci/assets/uploads/8fbc938a8b807b8d2ba9d9d6b62b31c6.jpg+++http://140.143.186.35/wxci/assets/uploads/44a5fab32ba5b07ae188732bcfd7b554.jpg+++http://140.143.186.35/wxci/assets/uploads/3aa178aacd130182b7922f9dcb70dd08.jpg+++http://140.143.186.35/wxci/assets/uploads/efa75ed1451f00ea22dd6fb1d4db690e.jpg+++', null, 'c');
INSERT INTO `slide` VALUES ('12', '', null, 'h');
INSERT INTO `slide` VALUES ('13', '', null, 'h');
INSERT INTO `slide` VALUES ('14', '', null, 'h');
INSERT INTO `slide` VALUES ('15', 'http://140.143.186.35/wxci/assets/uploads/d00a693bb4b6c6442fc4ab8c73cecfeb.jpg+++http://140.143.186.35/wxci/assets/uploads/4dd71eae2857be018d6d2751468b06fc.jpg+++http://140.143.186.35/wxci/assets/uploads/6c5288253b1300c1d6a1793e1b0bfdcb.jpg+++http://140.143.186.35/wxci/assets/uploads/09a67fb8bc54e6eb6f29ac0535a70fbc.jpg+++', null, 'h');
INSERT INTO `slide` VALUES ('16', 'http://140.143.186.35/wxci/assets/uploads/f892e4ca3bcfd581bb1f9b7d03ac8ffb.jpg+++http://140.143.186.35/wxci/assets/uploads/66cc7e8a7e56a0620a24fc0275bcc7cf.jpg+++http://140.143.186.35/wxci/assets/uploads/7c102614f7195d074b6987cfad24b836.jpg+++http://140.143.186.35/wxci/assets/uploads/8d32775df6902602c362ff6350d5b973.jpg+++', null, 'h');
INSERT INTO `slide` VALUES ('17', 'http://140.143.186.35/wxci/assets/uploads/22c398a0881f638c5aea2dc84cc51ff1.jpg+++http://140.143.186.35/wxci/assets/uploads/50533c0d5339bec92d641f581892088e.jpg+++http://140.143.186.35/wxci/assets/uploads/e886c67940ea17714140c4d8f5f993fd.jpg+++http://140.143.186.35/wxci/assets/uploads/df05b3733f825a6306fa019dbceb6082.jpg+++', null, 'c');
INSERT INTO `slide` VALUES ('18', '', null, 'h');
INSERT INTO `slide` VALUES ('19', '', null, 'h');
INSERT INTO `slide` VALUES ('20', '', null, 'h');
INSERT INTO `slide` VALUES ('21', 'http://140.143.186.35/wxci/assets/uploads/da40534381e89fc2f0ff00a86aebeacb.jpg+++http://140.143.186.35/wxci/assets/uploads/4bff18165d64417c7cdc06b7116522da.jpg+++http://140.143.186.35/wxci/assets/uploads/a97bac1ae9b0fa4a59da07016afe2119.jpg+++http://140.143.186.35/wxci/assets/uploads/5f31512ecfe5d0f04faaa40d9872a73e.jpg+++', null, 'h');

-- ----------------------------
-- Table structure for `terms`
-- ----------------------------
DROP TABLE IF EXISTS `terms`;
CREATE TABLE `terms` (
  `terms_id` int(11) NOT NULL AUTO_INCREMENT,
  `user_id` int(11) DEFAULT NULL,
  `word` varchar(255) DEFAULT NULL,
  `terms_content` text,
  PRIMARY KEY (`terms_id`)
) ENGINE=InnoDB AUTO_INCREMENT=24 DEFAULT CHARSET=utf8;

-- ----------------------------
-- Records of terms
-- ----------------------------
INSERT INTO `terms` VALUES ('1', '6', 'good', 'good');
INSERT INTO `terms` VALUES ('2', '6', 'good', 'lkajsdlkjaslkdjlkasjdkj');
INSERT INTO `terms` VALUES ('3', '6', 'good', '这是我创建的词条，哈哈哈');
INSERT INTO `terms` VALUES ('4', '6', 'test', 'test 就是 test 啊');
INSERT INTO `terms` VALUES ('5', '6', 'test', '再来一个');
INSERT INTO `terms` VALUES ('6', '6', 'beautiful', 'beautiful 哈哈哈');
INSERT INTO `terms` VALUES ('9', '6', 'blue', 'blue hahahah哈哈哈哈');
INSERT INTO `terms` VALUES ('10', '6', 'bad', 'badkashdkjaksdj');
INSERT INTO `terms` VALUES ('11', '6', 'snsnsn', 'snsnsnalskjdklajsd');
INSERT INTO `terms` VALUES ('12', '6', 'good', '给我加分');
INSERT INTO `terms` VALUES ('13', '6', 'good', 'heheh');
INSERT INTO `terms` VALUES ('14', '7', 'hello', 'helloworld');
INSERT INTO `terms` VALUES ('15', '6', 'good', 'klajsdkljasdj');
INSERT INTO `terms` VALUES ('16', '7', 'china', 'made-in-china，中国制造');
INSERT INTO `terms` VALUES ('17', '10', 'hello', 'hihihi');
INSERT INTO `terms` VALUES ('18', '11', '我想嫁人', '');
INSERT INTO `terms` VALUES ('19', '11', 'I want to go home', '');
INSERT INTO `terms` VALUES ('20', '9', 'good', '按捺不住');
INSERT INTO `terms` VALUES ('21', '14', 'case', '');
INSERT INTO `terms` VALUES ('22', '7', 'summer', 'winter冬天');
INSERT INTO `terms` VALUES ('23', '17', 'summer', 'fall');

-- ----------------------------
-- Table structure for `thumb`
-- ----------------------------
DROP TABLE IF EXISTS `thumb`;
CREATE TABLE `thumb` (
  `thumb_id` int(11) NOT NULL AUTO_INCREMENT,
  `user_id` int(11) DEFAULT NULL,
  `share_id` int(11) DEFAULT NULL,
  `thumb_type` varchar(255) DEFAULT NULL,
  PRIMARY KEY (`thumb_id`)
) ENGINE=InnoDB AUTO_INCREMENT=96 DEFAULT CHARSET=utf8;

-- ----------------------------
-- Records of thumb
-- ----------------------------
INSERT INTO `thumb` VALUES ('12', '6', '9', 't');
INSERT INTO `thumb` VALUES ('15', '6', '10', 's');
INSERT INTO `thumb` VALUES ('17', '6', '12', 's');
INSERT INTO `thumb` VALUES ('19', '6', '13', 's');
INSERT INTO `thumb` VALUES ('24', '6', '16', 's');
INSERT INTO `thumb` VALUES ('26', '6', '21', 's');
INSERT INTO `thumb` VALUES ('29', '6', '22', 's');
INSERT INTO `thumb` VALUES ('30', '6', '26', 's');
INSERT INTO `thumb` VALUES ('32', '6', '28', 's');
INSERT INTO `thumb` VALUES ('33', '6', '67', 's');
INSERT INTO `thumb` VALUES ('34', '6', '82', 's');
INSERT INTO `thumb` VALUES ('35', '6', '88', 's');
INSERT INTO `thumb` VALUES ('37', '7', '90', 's');
INSERT INTO `thumb` VALUES ('39', '6', '91', 't');
INSERT INTO `thumb` VALUES ('40', '6', '93', 's');
INSERT INTO `thumb` VALUES ('41', '7', '103', 't');
INSERT INTO `thumb` VALUES ('42', '7', '104', 's');
INSERT INTO `thumb` VALUES ('43', '7', '108', 's');
INSERT INTO `thumb` VALUES ('44', '10', '108', 's');
INSERT INTO `thumb` VALUES ('45', '11', '101', 's');
INSERT INTO `thumb` VALUES ('49', '11', '110', 's');
INSERT INTO `thumb` VALUES ('50', '7', '109', 's');
INSERT INTO `thumb` VALUES ('51', '12', '111', 's');
INSERT INTO `thumb` VALUES ('52', '11', '109', 's');
INSERT INTO `thumb` VALUES ('53', '11', '111', 's');
INSERT INTO `thumb` VALUES ('54', '7', '110', 's');
INSERT INTO `thumb` VALUES ('56', '7', '111', 's');
INSERT INTO `thumb` VALUES ('59', '9', '102', 't');
INSERT INTO `thumb` VALUES ('61', '6', '103', 't');
INSERT INTO `thumb` VALUES ('62', '9', '110', 's');
INSERT INTO `thumb` VALUES ('63', '6', '111', 's');
INSERT INTO `thumb` VALUES ('64', '6', '107', 's');
INSERT INTO `thumb` VALUES ('65', '7', '112', 's');
INSERT INTO `thumb` VALUES ('66', '17', '112', 's');
INSERT INTO `thumb` VALUES ('67', '17', '103', 't');
INSERT INTO `thumb` VALUES ('68', '6', '112', 's');
INSERT INTO `thumb` VALUES ('87', '6', '109', 's');
INSERT INTO `thumb` VALUES ('88', '9', '113', 't');
INSERT INTO `thumb` VALUES ('89', '19', '103', 't');
INSERT INTO `thumb` VALUES ('90', '19', '112', 's');
INSERT INTO `thumb` VALUES ('93', '8', '112', 's');
INSERT INTO `thumb` VALUES ('94', '8', '114', 's');
INSERT INTO `thumb` VALUES ('95', '8', '115', 's');

-- ----------------------------
-- Table structure for `time`
-- ----------------------------
DROP TABLE IF EXISTS `time`;
CREATE TABLE `time` (
  `time_id` int(11) NOT NULL AUTO_INCREMENT,
  `start_time` int(11) DEFAULT NULL,
  `user_id` int(11) DEFAULT NULL,
  `thumb_limit` int(11) NOT NULL DEFAULT '0',
  `reply_limit` int(11) NOT NULL DEFAULT '0',
  `publish_limit` int(11) NOT NULL DEFAULT '0',
  `login_limit` int(11) NOT NULL DEFAULT '0',
  `author_limit` int(11) NOT NULL DEFAULT '0',
  `terms_limit` int(11) NOT NULL,
  PRIMARY KEY (`time_id`)
) ENGINE=InnoDB AUTO_INCREMENT=24 DEFAULT CHARSET=utf8;

-- ----------------------------
-- Records of time
-- ----------------------------
INSERT INTO `time` VALUES ('8', '1530028800', '6', '0', '0', '0', '1', '0', '0');
INSERT INTO `time` VALUES ('10', '1529769600', '7', '0', '0', '0', '1', '0', '0');
INSERT INTO `time` VALUES ('11', '1529856000', '9', '1', '1', '1', '1', '0', '0');
INSERT INTO `time` VALUES ('12', '1529510400', '10', '1', '0', '0', '1', '0', '1');
INSERT INTO `time` VALUES ('13', '1529510400', '11', '5', '3', '1', '1', '0', '2');
INSERT INTO `time` VALUES ('14', '1529596800', '12', '0', '0', '0', '1', '0', '0');
INSERT INTO `time` VALUES ('15', '1529510400', '13', '0', '0', '0', '1', '0', '0');
INSERT INTO `time` VALUES ('16', '1529510400', '14', '0', '0', '0', '1', '0', '1');
INSERT INTO `time` VALUES ('17', '1529510400', '15', '0', '0', '0', '1', '0', '0');
INSERT INTO `time` VALUES ('18', '1529510400', '16', '0', '0', '0', '1', '0', '0');
INSERT INTO `time` VALUES ('19', '1529683200', '17', '2', '2', '1', '1', '0', '1');
INSERT INTO `time` VALUES ('20', '1529683200', '18', '0', '0', '0', '1', '0', '0');
INSERT INTO `time` VALUES ('21', '1529856000', '19', '2', '0', '0', '1', '0', '0');
INSERT INTO `time` VALUES ('22', '1529856000', '20', '0', '0', '0', '1', '0', '0');
INSERT INTO `time` VALUES ('23', '1529856000', '8', '5', '3', '2', '1', '0', '0');

-- ----------------------------
-- Table structure for `user`
-- ----------------------------
DROP TABLE IF EXISTS `user`;
CREATE TABLE `user` (
  `user_id` int(11) NOT NULL AUTO_INCREMENT,
  `openId` varchar(255) DEFAULT NULL,
  `username` varchar(255) NOT NULL DEFAULT '游客',
  `avatar` varchar(255) DEFAULT '/pages/index/user-unlogin.png',
  `token` varchar(255) DEFAULT NULL,
  `views` int(11) NOT NULL DEFAULT '0',
  `score` int(11) NOT NULL DEFAULT '0',
  PRIMARY KEY (`user_id`)
) ENGINE=InnoDB AUTO_INCREMENT=21 DEFAULT CHARSET=utf8;

-- ----------------------------
-- Records of user
-- ----------------------------
INSERT INTO `user` VALUES ('6', 'omsAb5OD7mr8arPZnP4IXmRVtcd8', '不烂嗑', 'https://wx.qlogo.cn/mmopen/vi_32/ETvw0XajgfmJIIcO3jgrrpO22hl1pnicYRTo5WZ5aIE2duhClwHOCDvfgS1dFbJFQ6sROz0flj2sCCiatfek50Ww/132', '35d8d73e67951fc2985f9c72d17a861305bdacfc', '146', '262');
INSERT INTO `user` VALUES ('7', 'omsAb5OQXnl8eiweSUlgJ9cn3BsU', '\' koreyoshi°', 'https://wx.qlogo.cn/mmopen/vi_32/Q0j4TwGTfTKczDWiaxsVSmC0Tdj2cd9GGywaNzqlMTQT0UibLhlvLSoYe2Uo40YI8tsKymYg0L7KZo8ZOlghoUPA/132', 'cdf1346650df41085576485622d558e5f798dba0', '68', '114');
INSERT INTO `user` VALUES ('8', 'omsAb5IhLtLWPNfCZXo-BJ616jY4', 'heya', 'https://wx.qlogo.cn/mmopen/vi_32/Q0j4TwGTfTJsDhAIFWzV3bXOiaoNTdsyOSqI3yBuaVbiarGQNYLhe7peXU2P6R0H3ibsHNH7ZibHpVo3Z79ez3wHsA/132', '727f64e279f5de77e545ecae554aa91f1503b823', '20', '36');
INSERT INTO `user` VALUES ('11', 'omsAb5JVgNI-UVSKf7VVMF8Oz90w', 'Sucker.', 'https://wx.qlogo.cn/mmopen/vi_32/jSVm8zVvI9UXg7sW2mWbqCMoW5KHvHHUJiaVNadLbwT42Ck20jLcVhf4JmoibYf5JT6gQsicJAnrlDhVPXE39pKLQ/132', '93aa7d3778016e8a0484dbffd9ada12802031d29', '64', '46');
INSERT INTO `user` VALUES ('12', 'omsAb5K5tqxBGLChXxmT6E-ptykA', 'Greed', 'https://wx.qlogo.cn/mmopen/vi_32/Q0j4TwGTfTKHYfCfSTjOpoBwsFFSNDl7htiaNHvQxTx4pvTr8EricKz2BCc9pEtKCYApA25FfcDaXVia3EibZG6FLQ/132', '421a84cd0a1f85d4ee5a2d1abb3af43f10c0b2ba', '88', '24');
INSERT INTO `user` VALUES ('13', 'omsAb5PYn3_mCLyFGqW5zhfC65cY', '游客', '/pages/index/user-unlogin.png', '15251928b9dd42e478e2f91f3bf73ef9eb5b48a2', '0', '5');
INSERT INTO `user` VALUES ('14', 'omsAb5AyTTNw6L1dHY79M25qeZ1I', 'Kelly', 'https://wx.qlogo.cn/mmopen/vi_32/C4Kicf6LibyJ14taV6OqvZC7bIWvnV0Xo4SDPuXgYL72oYWKmSpRPbtdOqmIzA3Mb3UVjK4iaYicPkSLJcOQgibficHA/132', '672fed16f9ae4a6c9539ef724efdc426212cba2a', '0', '15');
INSERT INTO `user` VALUES ('15', 'omsAb5LBFhqqTsupfrdgcRUYvshU', '游客', '/pages/index/user-unlogin.png', '9a23fc4be9e5bf16a9a1affbed2421c6e5cda77c', '0', '5');
INSERT INTO `user` VALUES ('16', 'omsAb5MdFf9tavZDlirw89zwOrrY', '单伟', 'https://wx.qlogo.cn/mmopen/vi_32/Q0j4TwGTfTINg5p4IYbmWQA8hxJeDFg9Yu2ibOfdiayqibGDChcroOgaPt4ViaichRlERQN6yiaoZia5s15XqIyTvwkog/132', 'a627c48777fe3797b28c12eaf894a1d87fa8da02', '0', '5');
INSERT INTO `user` VALUES ('17', 'omsAb5Ot6NZjjoCJ_vbsNcKVDbcw', '冯建平', 'https://wx.qlogo.cn/mmopen/vi_32/NMEem9CqWsgPBBmVe19ecibtKgrode37icMKibQ8mOIviblseslwqMmbicxkibnTanuQtViczyH29qNuPmStI5ZbvcoJg/132', 'd6b113d07e540bb20643144910b92e02216ed6ff', '40', '33');
INSERT INTO `user` VALUES ('18', 'omsAb5Lsazxepb2Yvt2N9uzW8JvI', '游客', '/pages/index/user-unlogin.png', '899711c871af96a4e2ef8b0a60b6064429c98f60', '0', '5');
INSERT INTO `user` VALUES ('21', null, '夜雨声', '/pages/index/user-unlogin.png', null, '0', '0');

-- ----------------------------
-- Table structure for `word`
-- ----------------------------
DROP TABLE IF EXISTS `word`;
CREATE TABLE `word` (
  `word_id` int(11) NOT NULL AUTO_INCREMENT,
  `user_id` int(11) DEFAULT NULL,
  `word_string` text,
  `word` varchar(255) DEFAULT NULL,
  `word_date` timestamp NULL DEFAULT CURRENT_TIMESTAMP ON UPDATE CURRENT_TIMESTAMP,
  PRIMARY KEY (`word_id`)
) ENGINE=InnoDB AUTO_INCREMENT=57 DEFAULT CHARSET=utf8;

-- ----------------------------
-- Records of word
-- ----------------------------
INSERT INTO `word` VALUES ('7', '6', '{\"tSpeakUrl\":\"http://openapi.youdao.com/ttsapi?q=%E5%A5%BD&langType=zh-CHS&sign=79BDC28F74E7E477D6701A3EDDF8F5FC&salt=1529019492432&voice=4&format=mp3&appKey=39ba9dc60b3dec2c\",\"web\":[{\"value\":[\"好\",\"善\",\"商品\"],\"key\":\"Good\"},{\"value\":[\"公共物品\",\"公益事业\",\"公共财\"],\"key\":\"public good\"},{\"value\":[\"干的出色\",\"干得好\",\"好工作\"],\"key\":\"Good Job\"}],\"query\":\"good\",\"translation\":[\"好\"],\"errorCode\":\"0\",\"dict\":{\"url\":\"yddict://m.youdao.com/dict?le=eng&q=good\"},\"webdict\":{\"url\":\"http://m.youdao.com/dict?le=eng&q=good\"},\"basic\":{\"us-phonetic\":\"ɡʊd\",\"phonetic\":\"gʊd\",\"uk-phonetic\":\"gʊd\",\"uk-speech\":\"http://openapi.youdao.com/ttsapi?q=good&langType=en&sign=CAA7A874B8CB11B7E7FBBE75EA6875BE&salt=1529019492432&voice=5&format=mp3&appKey=39ba9dc60b3dec2c\",\"explains\":[\"n. 好处；善行；慷慨的行为\",\"adj. 好的；优良的；愉快的；虔诚的\",\"adv. 好\",\"n. (Good)人名；(英)古德；(瑞典)戈德\"],\"us-speech\":\"http://openapi.youdao.com/ttsapi?q=good&langType=en&sign=CAA7A874B8CB11B7E7FBBE75EA6875BE&salt=1529019492432&voice=6&format=mp3&appKey=39ba9dc60b3dec2c\"},\"l\":\"EN2zh-CHS\",\"speakUrl\":\"http://openapi.youdao.com/ttsapi?q=good&langType=en&sign=CAA7A874B8CB11B7E7FBBE75EA6875BE&salt=1529019492432&voice=4&format=mp3&appKey=39ba9dc60b3dec2c\"}', 'good', '2018-06-15 07:38:11');
INSERT INTO `word` VALUES ('8', '6', '{\"tSpeakUrl\":\"http://openapi.youdao.com/ttsapi?q=%E6%B5%8B%E8%AF%95&langType=zh-CHS&sign=097CCDB986C65CBADB3F29B6F45533DE&salt=1529019511525&voice=4&format=mp3&appKey=39ba9dc60b3dec2c\",\"web\":[{\"value\":[\"测试\",\"测验\",\"检验\"],\"key\":\"Test\"},{\"value\":[\"Test Drive\",\"Test Drive\",\"无限狂飙\"],\"key\":\"Test Drive\"},{\"value\":[\"测试员\",\"测试工程师\",\"软件测试工程师\"],\"key\":\"Test Engineer\"}],\"query\":\"test\",\"translation\":[\"测试\"],\"errorCode\":\"0\",\"dict\":{\"url\":\"yddict://m.youdao.com/dict?le=eng&q=test\"},\"webdict\":{\"url\":\"http://m.youdao.com/dict?le=eng&q=test\"},\"basic\":{\"us-phonetic\":\"tɛst\",\"phonetic\":\"test\",\"uk-phonetic\":\"test\",\"uk-speech\":\"http://openapi.youdao.com/ttsapi?q=test&langType=en&sign=04609719A2C715F1ADF80B36A59EAC90&salt=1529019511525&voice=5&format=mp3&appKey=39ba9dc60b3dec2c\",\"explains\":[\"n. 试验；检验\",\"vt. 试验；测试\",\"vi. 试验；测试\",\"n. (Test)人名；(英)特斯特\"],\"us-speech\":\"http://openapi.youdao.com/ttsapi?q=test&langType=en&sign=04609719A2C715F1ADF80B36A59EAC90&salt=1529019511525&voice=6&format=mp3&appKey=39ba9dc60b3dec2c\"},\"l\":\"EN2zh-CHS\",\"speakUrl\":\"http://openapi.youdao.com/ttsapi?q=test&langType=en&sign=04609719A2C715F1ADF80B36A59EAC90&salt=1529019511525&voice=4&format=mp3&appKey=39ba9dc60b3dec2c\"}', 'test', '2018-06-15 07:38:30');
INSERT INTO `word` VALUES ('9', '6', '{\"tSpeakUrl\":\"http://openapi.youdao.com/ttsapi?q=%E5%8E%BB&langType=zh-CHS&sign=DFDDFF56431D3CAFE53FC31F5F23D774&salt=1529021617439&voice=4&format=mp3&appKey=39ba9dc60b3dec2c\",\"web\":[{\"value\":[\"围棋\",\"走\",\"去\"],\"key\":\"Go\"},{\"value\":[\"开始\",\"前进\",\"先走\"],\"key\":\"go ahead\"},{\"value\":[\"上升\",\"上涨\",\"增长\"],\"key\":\"go up\"}],\"query\":\"go\",\"translation\":[\"去\"],\"errorCode\":\"0\",\"dict\":{\"url\":\"yddict://m.youdao.com/dict?le=eng&q=go\"},\"webdict\":{\"url\":\"http://m.youdao.com/dict?le=eng&q=go\"},\"basic\":{\"us-phonetic\":\"go\",\"phonetic\":\"gəʊ\",\"uk-phonetic\":\"gəʊ\",\"uk-speech\":\"http://openapi.youdao.com/ttsapi?q=go&langType=en&sign=DC2FB515EBCE371C8EB4B92EEAC58218&salt=1529021617439&voice=5&format=mp3&appKey=39ba9dc60b3dec2c\",\"explains\":[\"n. 去；进行；尝试\",\"vi. 走；达到；运转；趋于\",\"vt. 忍受；出产；以…打赌\",\"[复数 goes 第三人称单数 goes 过去式 went 过去分词 gone 现在分词 going]\"],\"us-speech\":\"http://openapi.youdao.com/ttsapi?q=go&langType=en&sign=DC2FB515EBCE371C8EB4B92EEAC58218&salt=1529021617439&voice=6&format=mp3&appKey=39ba9dc60b3dec2c\"},\"l\":\"EN2zh-CHS\",\"speakUrl\":\"http://openapi.youdao.com/ttsapi?q=go&langType=en&sign=DC2FB515EBCE371C8EB4B92EEAC58218&salt=1529021617439&voice=4&format=mp3&appKey=39ba9dc60b3dec2c\"}', 'go', '2018-06-15 08:13:36');
INSERT INTO `word` VALUES ('10', '6', '{\"tSpeakUrl\":\"http://openapi.youdao.com/ttsapi?q=%E9%9F%B3%E4%B9%90&langType=zh-CHS&sign=7B739FD97D8C655669B7E38202584258&salt=1529026884930&voice=4&format=mp3&appKey=39ba9dc60b3dec2c\",\"web\":[{\"value\":[\"音乐\",\"MUSIC 完美嘉音\",\"Music (专辑)\"],\"key\":\"music\"},{\"value\":[\"绝对音乐\",\"纯音乐\",\"美声仙音\"],\"key\":\"Absolute music\"},{\"value\":[\"流行音乐\",\"流行 (音乐类型)\",\"流行乐\"],\"key\":\"pop music\"}],\"query\":\"music\",\"translation\":[\"音乐\"],\"errorCode\":\"0\",\"dict\":{\"url\":\"yddict://m.youdao.com/dict?le=eng&q=music\"},\"webdict\":{\"url\":\"http://m.youdao.com/dict?le=eng&q=music\"},\"basic\":{\"us-phonetic\":\"\'mjuzɪk\",\"phonetic\":\"\'mjuːzɪk\",\"uk-phonetic\":\"\'mjuːzɪk\",\"uk-speech\":\"http://openapi.youdao.com/ttsapi?q=music&langType=en&sign=0AD3B0026F0BE536934BBDC038211FF8&salt=1529026884930&voice=5&format=mp3&appKey=39ba9dc60b3dec2c\",\"explains\":[\"n. 音乐，乐曲\"],\"us-speech\":\"http://openapi.youdao.com/ttsapi?q=music&langType=en&sign=0AD3B0026F0BE536934BBDC038211FF8&salt=1529026884930&voice=6&format=mp3&appKey=39ba9dc60b3dec2c\"},\"l\":\"EN2zh-CHS\",\"speakUrl\":\"http://openapi.youdao.com/ttsapi?q=music&langType=en&sign=0AD3B0026F0BE536934BBDC038211FF8&salt=1529026884930&voice=4&format=mp3&appKey=39ba9dc60b3dec2c\"}', 'music', '2018-06-15 09:41:24');
INSERT INTO `word` VALUES ('11', '6', '{\"tSpeakUrl\":\"http://openapi.youdao.com/ttsapi?q=%E5%A4%B1%E5%8E%BB&langType=zh-CHS&sign=B232DF8F5913FAB833E3E669BCA8F027&salt=1529031738101&voice=4&format=mp3&appKey=39ba9dc60b3dec2c\",\"web\":[{\"value\":[\"失去\",\"丢失\",\"丧失\"],\"key\":\"Lose\"},{\"value\":[\"减肥\",\"体重减轻\",\"瘦身\"],\"key\":\"lose weight\"},{\"value\":[\"丧失勇气\",\"失去勇气\",\"沮丧\"],\"key\":\"lose courage\"}],\"query\":\"lose\",\"translation\":[\"失去\"],\"errorCode\":\"0\",\"dict\":{\"url\":\"yddict://m.youdao.com/dict?le=eng&q=lose\"},\"webdict\":{\"url\":\"http://m.youdao.com/dict?le=eng&q=lose\"},\"basic\":{\"us-phonetic\":\"luz\",\"phonetic\":\"luːz\",\"uk-phonetic\":\"luːz\",\"uk-speech\":\"http://openapi.youdao.com/ttsapi?q=lose&langType=en&sign=BE0A62EEB0F6B4F13C3421FCE041FD4F&salt=1529031738101&voice=5&format=mp3&appKey=39ba9dc60b3dec2c\",\"explains\":[\"vt. 浪费；使沉溺于；使迷路；遗失；错过\",\"vi. 失败；受损失\",\"n. (Lose)人名；(英)洛斯；(德)洛泽\"],\"us-speech\":\"http://openapi.youdao.com/ttsapi?q=lose&langType=en&sign=BE0A62EEB0F6B4F13C3421FCE041FD4F&salt=1529031738101&voice=6&format=mp3&appKey=39ba9dc60b3dec2c\"},\"l\":\"EN2zh-CHS\",\"speakUrl\":\"http://openapi.youdao.com/ttsapi?q=lose&langType=en&sign=BE0A62EEB0F6B4F13C3421FCE041FD4F&salt=1529031738101&voice=4&format=mp3&appKey=39ba9dc60b3dec2c\"}', 'lose', '2018-06-15 11:02:17');
INSERT INTO `word` VALUES ('12', '6', '{\"tSpeakUrl\":\"http://openapi.youdao.com/ttsapi?q=%E5%A4%B1%E5%8E%BB%E4%BD%A0%E7%9A%84%E5%BF%83&langType=zh-CHS&sign=C8C6AD0DAF76FB83FA06FCF9557BF0EA&salt=1529031809913&voice=4&format=mp3&appKey=39ba9dc60b3dec2c\",\"web\":[{\"value\":[\"丢失你的心\"],\"key\":\"Lose your heart\"},{\"value\":[\"倾心于\"],\"key\":\"lose your heart to\"},{\"value\":[\"丢失你的心\",\"丢失了的心\"],\"key\":\"You lose your heart\"}],\"query\":\"lose your heart\",\"translation\":[\"失去你的心\"],\"errorCode\":\"0\",\"dict\":{\"url\":\"yddict://m.youdao.com/dict?le=eng&q=lose+your+heart\"},\"webdict\":{\"url\":\"http://m.youdao.com/dict?le=eng&q=lose+your+heart\"},\"basic\":{\"uk-speech\":\"http://openapi.youdao.com/ttsapi?q=lose+your+heart&langType=en&sign=FEB65B363A87E4D56640A396F8B37278&salt=1529031809913&voice=5&format=mp3&appKey=39ba9dc60b3dec2c\",\"explains\":[\"失去你的信心\"],\"us-speech\":\"http://openapi.youdao.com/ttsapi?q=lose+your+heart&langType=en&sign=FEB65B363A87E4D56640A396F8B37278&salt=1529031809913&voice=6&format=mp3&appKey=39ba9dc60b3dec2c\"},\"l\":\"EN2zh-CHS\",\"speakUrl\":\"http://openapi.youdao.com/ttsapi?q=lose+your+heart&langType=en&sign=FEB65B363A87E4D56640A396F8B37278&salt=1529031809913&voice=4&format=mp3&appKey=39ba9dc60b3dec2c\"}', 'lose your heart', '2018-06-15 11:03:29');
INSERT INTO `word` VALUES ('13', '6', '{\"tSpeakUrl\":\"http://openapi.youdao.com/ttsapi?q=hio&langType=zh-CHS&sign=C932BAA6A1BB392059519F1EAE3BB5C2&salt=1529032942579&voice=4&format=mp3&appKey=39ba9dc60b3dec2c\",\"web\":[{\"value\":[\"次碘酸\",\"高倾斜轨道\",\"一杆进洞(Hole In One)\"],\"key\":\"HIO\"},{\"value\":[\"街舞\"],\"key\":\"HIO POP\"},{\"value\":[\"线香\"],\"key\":\"hio wangi\"}],\"query\":\"HIO\",\"translation\":[\"hio\"],\"errorCode\":\"0\",\"dict\":{\"url\":\"yddict://m.youdao.com/dict?le=eng&q=hio\"},\"webdict\":{\"url\":\"http://m.youdao.com/dict?le=eng&q=hio\"},\"basic\":{\"uk-speech\":\"http://openapi.youdao.com/ttsapi?q=hio&langType=en&sign=C932BAA6A1BB392059519F1EAE3BB5C2&salt=1529032942579&voice=5&format=mp3&appKey=39ba9dc60b3dec2c\",\"explains\":[\"abbr. 次碘酸盐（hypoiodite）\"],\"us-speech\":\"http://openapi.youdao.com/ttsapi?q=hio&langType=en&sign=C932BAA6A1BB392059519F1EAE3BB5C2&salt=1529032942579&voice=6&format=mp3&appKey=39ba9dc60b3dec2c\"},\"l\":\"EN2zh-CHS\",\"speakUrl\":\"http://openapi.youdao.com/ttsapi?q=hio&langType=en&sign=C932BAA6A1BB392059519F1EAE3BB5C2&salt=1529032942579&voice=4&format=mp3&appKey=39ba9dc60b3dec2c\"}', 'hio', '2018-06-15 11:22:21');
INSERT INTO `word` VALUES ('14', '6', '{\"tSpeakUrl\":\"http://openapi.youdao.com/ttsapi?q=%E6%96%87%E6%9C%AC&langType=zh-CHS&sign=C0769BC53B56D192F78B116331C79E3E&salt=1529033826369&voice=4&format=mp3&appKey=39ba9dc60b3dec2c\",\"web\":[{\"value\":[\"文本\",\"文字\",\"正文\"],\"key\":\"Text\"},{\"value\":[\"字体样式\",\"字布局\",\"文字样式\"],\"key\":\"Text Style\"},{\"value\":[\"语料库\",\"语料库\",\"文本语料库\"],\"key\":\"text corpus\"}],\"query\":\"text\",\"translation\":[\"文本\"],\"errorCode\":\"0\",\"dict\":{\"url\":\"yddict://m.youdao.com/dict?le=eng&q=text\"},\"webdict\":{\"url\":\"http://m.youdao.com/dict?le=eng&q=text\"},\"basic\":{\"us-phonetic\":\"tɛkst\",\"phonetic\":\"tekst\",\"uk-phonetic\":\"tekst\",\"uk-speech\":\"http://openapi.youdao.com/ttsapi?q=text&langType=en&sign=98E92968817F47B020CF9CC2672FA759&salt=1529033826369&voice=5&format=mp3&appKey=39ba9dc60b3dec2c\",\"explains\":[\"n. [计] 文本；课文；主题\",\"vt. 发短信\"],\"us-speech\":\"http://openapi.youdao.com/ttsapi?q=text&langType=en&sign=98E92968817F47B020CF9CC2672FA759&salt=1529033826369&voice=6&format=mp3&appKey=39ba9dc60b3dec2c\"},\"l\":\"EN2zh-CHS\",\"speakUrl\":\"http://openapi.youdao.com/ttsapi?q=text&langType=en&sign=98E92968817F47B020CF9CC2672FA759&salt=1529033826369&voice=4&format=mp3&appKey=39ba9dc60b3dec2c\"}', 'text', '2018-06-15 11:37:05');
INSERT INTO `word` VALUES ('15', '6', '{\"tSpeakUrl\":\"http://openapi.youdao.com/ttsapi?q=%E5%93%88%E5%93%88&langType=zh-CHS&sign=A70BF44B510F8DA78BCDE4D52310C9E7&salt=1529033999348&voice=4&format=mp3&appKey=39ba9dc60b3dec2c\",\"web\":[{\"value\":[\"Haha\",\"Haha\",\"河东勋\"],\"key\":\"Haha\"},{\"value\":[\"招股书\"],\"key\":\"haha prospectus\"},{\"value\":[\"哈哈\"],\"key\":\"haha softy\"}],\"query\":\"haha\",\"translation\":[\"哈哈\"],\"errorCode\":\"0\",\"dict\":{\"url\":\"yddict://m.youdao.com/dict?le=eng&q=haha\"},\"webdict\":{\"url\":\"http://m.youdao.com/dict?le=eng&q=haha\"},\"basic\":{\"us-phonetic\":\"hɑhɑ\",\"phonetic\":\"hɑ:hɑ:\",\"uk-phonetic\":\"hɑ:hɑ:\",\"uk-speech\":\"http://openapi.youdao.com/ttsapi?q=haha&langType=en&sign=5DF9B3236696BF209431B43144816477&salt=1529033999348&voice=5&format=mp3&appKey=39ba9dc60b3dec2c\",\"explains\":[\"n. 哈哈（笑）\",\"n. (Haha)人名；(阿拉伯)哈哈\"],\"us-speech\":\"http://openapi.youdao.com/ttsapi?q=haha&langType=en&sign=5DF9B3236696BF209431B43144816477&salt=1529033999348&voice=6&format=mp3&appKey=39ba9dc60b3dec2c\"},\"l\":\"EN2zh-CHS\",\"speakUrl\":\"http://openapi.youdao.com/ttsapi?q=haha&langType=en&sign=5DF9B3236696BF209431B43144816477&salt=1529033999348&voice=4&format=mp3&appKey=39ba9dc60b3dec2c\"}', 'haha', '2018-06-15 11:39:58');
INSERT INTO `word` VALUES ('16', '6', '{\"tSpeakUrl\":\"http://openapi.youdao.com/ttsapi?q=%E7%94%BB%E5%BB%8A&langType=zh-CHS&sign=111CFCE74766498B25DCCE02DD4B496D&salt=1529034558433&voice=4&format=mp3&appKey=39ba9dc60b3dec2c\",\"web\":[{\"value\":[\"美术馆\",\"画廊\",\"长廊\"],\"key\":\"gallery\"},{\"value\":[\"画廊\",\"美术馆\",\"艺术馆\"],\"key\":\"art gallery\"},{\"value\":[\"画廊站\",\"画廊-中国城站\",\"画廊\"],\"key\":\"Gallery Place\"}],\"query\":\"gallery\",\"translation\":[\"画廊\"],\"errorCode\":\"0\",\"dict\":{\"url\":\"yddict://m.youdao.com/dict?le=eng&q=gallery\"},\"webdict\":{\"url\":\"http://m.youdao.com/dict?le=eng&q=gallery\"},\"basic\":{\"us-phonetic\":\"\'gæləri\",\"phonetic\":\"\'gæl(ə)rɪ\",\"uk-phonetic\":\"\'gæl(ə)rɪ\",\"uk-speech\":\"http://openapi.youdao.com/ttsapi?q=gallery&langType=en&sign=ADA4146CEFEA585DF636E8AB52C1DCD9&salt=1529034558433&voice=5&format=mp3&appKey=39ba9dc60b3dec2c\",\"explains\":[\"n. 画廊；走廊；旁听席；地道\",\"vt. 在…修建走廊；在…挖地道\",\"vi. 挖地道\",\"n. (Gallery)人名；(英)加勒里\"],\"us-speech\":\"http://openapi.youdao.com/ttsapi?q=gallery&langType=en&sign=ADA4146CEFEA585DF636E8AB52C1DCD9&salt=1529034558433&voice=6&format=mp3&appKey=39ba9dc60b3dec2c\"},\"l\":\"EN2zh-CHS\",\"speakUrl\":\"http://openapi.youdao.com/ttsapi?q=gallery&langType=en&sign=ADA4146CEFEA585DF636E8AB52C1DCD9&salt=1529034558433&voice=4&format=mp3&appKey=39ba9dc60b3dec2c\"}', 'gallery', '2018-06-15 11:49:17');
INSERT INTO `word` VALUES ('18', '6', '{\"tSpeakUrl\":\"http://openapi.youdao.com/ttsapi?q=%E7%A5%9E&langType=zh-CHS&sign=75A26F5FB9B98701C6EBA28713FC8CA2&salt=1529035322379&voice=4&format=mp3&appKey=39ba9dc60b3dec2c\",\"web\":[{\"value\":[\"神\",\"上帝\",\"基督教中的神\"],\"key\":\"God\"},{\"value\":[\"卖糕的\",\"我的天\",\"天哪\"],\"key\":\"my god\"},{\"value\":[\"涂鸦上帝\",\"创世实验室\",\"创世纪\"],\"key\":\"Doodle God\"}],\"query\":\"god\",\"translation\":[\"神\"],\"errorCode\":\"0\",\"dict\":{\"url\":\"yddict://m.youdao.com/dict?le=eng&q=god\"},\"webdict\":{\"url\":\"http://m.youdao.com/dict?le=eng&q=god\"},\"basic\":{\"us-phonetic\":\"ɡɑd\",\"phonetic\":\"ɡɒd\",\"uk-phonetic\":\"ɡɒd\",\"uk-speech\":\"http://openapi.youdao.com/ttsapi?q=god&langType=en&sign=1231748538789C016FF9303DF56F52B5&salt=1529035322379&voice=5&format=mp3&appKey=39ba9dc60b3dec2c\",\"explains\":[\"n. 神；（大写首字母时）上帝\",\"vt. 膜拜，崇拜\",\"n. (God)人名；(索、阿拉伯)古德\"],\"us-speech\":\"http://openapi.youdao.com/ttsapi?q=god&langType=en&sign=7731C5D67BB340F8E9174D6E8E3EEC2B&salt=1529035322380&voice=6&format=mp3&appKey=39ba9dc60b3dec2c\"},\"l\":\"EN2zh-CHS\",\"speakUrl\":\"http://openapi.youdao.com/ttsapi?q=god&langType=en&sign=1231748538789C016FF9303DF56F52B5&salt=1529035322379&voice=4&format=mp3&appKey=39ba9dc60b3dec2c\"}', 'god', '2018-06-15 12:02:01');
INSERT INTO `word` VALUES ('19', '6', '{\"tSpeakUrl\":\"http://openapi.youdao.com/ttsapi?q=%E7%BE%8E%E4%B8%BD%E7%9A%84&langType=zh-CHS&sign=6DAED42A333FEC99996B2C9FB15A2945&salt=1529036131911&voice=4&format=mp3&appKey=39ba9dc60b3dec2c\",\"web\":[{\"value\":[\"美丽\",\"漂亮\",\"太美丽\"],\"key\":\"Beautiful\"},{\"value\":[\"美丽世界\",\"Beautiful World (岚专辑)\",\"美丽的世界\"],\"key\":\"Beautiful World\"},{\"value\":[\"美丽人生 (日本电视剧)\",\"美丽人生\",\"美丽的人生\"],\"key\":\"Beautiful Life\"}],\"query\":\"beautiful\",\"translation\":[\"美丽的\"],\"errorCode\":\"0\",\"dict\":{\"url\":\"yddict://m.youdao.com/dict?le=eng&q=beautiful\"},\"webdict\":{\"url\":\"http://m.youdao.com/dict?le=eng&q=beautiful\"},\"basic\":{\"us-phonetic\":\"\'bjʊtəfəl\",\"phonetic\":\"ˈbju:tɪfl\",\"uk-phonetic\":\"ˈbju:tɪfl\",\"uk-speech\":\"http://openapi.youdao.com/ttsapi?q=beautiful&langType=en&sign=EBAC6911D4789876B5F78DCDD44B9FCC&salt=1529036131911&voice=5&format=mp3&appKey=39ba9dc60b3dec2c\",\"explains\":[\"adj. 美丽的\",\"出色地\",\"出色的\",\"迷人的\",\"迷人地\"],\"us-speech\":\"http://openapi.youdao.com/ttsapi?q=beautiful&langType=en&sign=EBAC6911D4789876B5F78DCDD44B9FCC&salt=1529036131911&voice=6&format=mp3&appKey=39ba9dc60b3dec2c\"},\"l\":\"EN2zh-CHS\",\"speakUrl\":\"http://openapi.youdao.com/ttsapi?q=beautiful&langType=en&sign=EBAC6911D4789876B5F78DCDD44B9FCC&salt=1529036131911&voice=4&format=mp3&appKey=39ba9dc60b3dec2c\"}', 'beautiful', '2018-06-15 12:15:31');
INSERT INTO `word` VALUES ('20', '6', '{\"tSpeakUrl\":\"http://openapi.youdao.com/ttsapi?q=%E8%93%9D%E8%89%B2%E7%9A%84&langType=zh-CHS&sign=DDAAB22CDC067F402F7DFC4B318C8366&salt=1529036256368&voice=4&format=mp3&appKey=39ba9dc60b3dec2c\",\"web\":[{\"value\":[\"蓝色\",\"Blue\",\"Blue\"],\"key\":\"Blue\"},{\"value\":[\"海华沙轻轨铁路\",\"芝加哥地铁蓝色线\",\"蒙特利尔地铁5号线\"],\"key\":\"Blue Line\"},{\"value\":[\"蓝月亮\",\"蓝月 (歌曲)\",\"蓝月\"],\"key\":\"Blue Moon\"}],\"query\":\"blue\",\"translation\":[\"蓝色的\"],\"errorCode\":\"0\",\"dict\":{\"url\":\"yddict://m.youdao.com/dict?le=eng&q=blue\"},\"webdict\":{\"url\":\"http://m.youdao.com/dict?le=eng&q=blue\"},\"basic\":{\"us-phonetic\":\"blu\",\"phonetic\":\"bluː\",\"uk-phonetic\":\"bluː\",\"uk-speech\":\"http://openapi.youdao.com/ttsapi?q=blue&langType=en&sign=E74A644925AE48E7E8B753E2A33800FD&salt=1529036256369&voice=5&format=mp3&appKey=39ba9dc60b3dec2c\",\"explains\":[\"adj. 蓝色的；沮丧的，忧郁的；下流的\",\"n. 蓝色；[复数]（美国海、陆、空三军穿的）蓝色制服；蓝颜料；[the blue(s)][用作单数或复数]布鲁斯（歌曲）（一种伤感的美国黑人民歌\",\"vi. 变成蓝色，呈蓝色\",\"vt. 把…染成蓝色；使成蓝色；给…用上蓝剂；用上蓝剂于\",\"n. （英、西、意）布卢（人名）\"],\"us-speech\":\"http://openapi.youdao.com/ttsapi?q=blue&langType=en&sign=E74A644925AE48E7E8B753E2A33800FD&salt=1529036256369&voice=6&format=mp3&appKey=39ba9dc60b3dec2c\"},\"l\":\"EN2zh-CHS\",\"speakUrl\":\"http://openapi.youdao.com/ttsapi?q=blue&langType=en&sign=BA5C7BE0EA46943E0827285EF807E878&salt=1529036256368&voice=4&format=mp3&appKey=39ba9dc60b3dec2c\"}', 'blue', '2018-06-15 12:17:35');
INSERT INTO `word` VALUES ('21', '6', '{\"tSpeakUrl\":\"http://openapi.youdao.com/ttsapi?q=%E5%9D%8F&langType=zh-CHS&sign=EF643D64B218600234F55576E1F37AC6&salt=1529038427039&voice=4&format=mp3&appKey=39ba9dc60b3dec2c\",\"web\":[{\"value\":[\"坏的\",\"真棒\",\"Bad世界巡回演唱会\"],\"key\":\"bad\"},{\"value\":[\"坏帐\",\"呆帐\",\"坏账\"],\"key\":\"bad debt\"},{\"value\":[\"巴特迪克海姆县\",\"巴德迪尔克海姆\",\"迪克海姆\"],\"key\":\"Bad Dürkheim\"}],\"query\":\"bad\",\"translation\":[\"坏\"],\"errorCode\":\"0\",\"dict\":{\"url\":\"yddict://m.youdao.com/dict?le=eng&q=bad\"},\"webdict\":{\"url\":\"http://m.youdao.com/dict?le=eng&q=bad\"},\"basic\":{\"us-phonetic\":\"bæd\",\"phonetic\":\"bæd\",\"uk-phonetic\":\"bæd\",\"uk-speech\":\"http://openapi.youdao.com/ttsapi?q=bad&langType=en&sign=0438EEFF8AA68D13558B53986E08E912&salt=1529038427039&voice=5&format=mp3&appKey=39ba9dc60b3dec2c\",\"explains\":[\"n. 坏事；坏人\",\"adj. 坏的；严重的；劣质的\",\"adv. 很，非常；坏地；邪恶地\",\"n. (Bad)人名；(罗)巴德\"],\"us-speech\":\"http://openapi.youdao.com/ttsapi?q=bad&langType=en&sign=0438EEFF8AA68D13558B53986E08E912&salt=1529038427039&voice=6&format=mp3&appKey=39ba9dc60b3dec2c\"},\"l\":\"EN2zh-CHS\",\"speakUrl\":\"http://openapi.youdao.com/ttsapi?q=bad&langType=en&sign=0438EEFF8AA68D13558B53986E08E912&salt=1529038427039&voice=4&format=mp3&appKey=39ba9dc60b3dec2c\"}', 'bad', '2018-06-15 12:53:46');
INSERT INTO `word` VALUES ('22', '6', '{\"tSpeakUrl\":\"http://openapi.youdao.com/ttsapi?q=%E9%9B%86&langType=zh-CHS&sign=F0FD8185EE0FBEBB5653A2C4500363F8&salt=1529050139095&voice=4&format=mp3&appKey=39ba9dc60b3dec2c\",\"web\":[{\"value\":[\"设置\",\"集合\",\"集合 (数学)\"],\"key\":\"set\"},{\"value\":[\"出发\",\"动身\",\"引起\"],\"key\":\"set off\"},{\"value\":[\"记下\",\"写下\",\"放下\"],\"key\":\"set down\"}],\"query\":\"set\",\"translation\":[\"集\"],\"errorCode\":\"0\",\"dict\":{\"url\":\"yddict://m.youdao.com/dict?le=eng&q=set\"},\"webdict\":{\"url\":\"http://m.youdao.com/dict?le=eng&q=set\"},\"basic\":{\"us-phonetic\":\"sɛt\",\"phonetic\":\"set\",\"uk-phonetic\":\"set\",\"uk-speech\":\"http://openapi.youdao.com/ttsapi?q=set&langType=en&sign=D9BA96149327763A9B427BA6ABCEE128&salt=1529050139095&voice=5&format=mp3&appKey=39ba9dc60b3dec2c\",\"explains\":[\"n. [数] 集合；一套；布景；[机] 装置\",\"adj. 固定的；规定的；固执的\",\"vi. (日,月)落沉；凝固；结果\",\"vt. 树立；点燃；点缀；\",\"n. (Set)人名；(瑞典)塞特；(俄)谢特\"],\"us-speech\":\"http://openapi.youdao.com/ttsapi?q=set&langType=en&sign=D9BA96149327763A9B427BA6ABCEE128&salt=1529050139095&voice=6&format=mp3&appKey=39ba9dc60b3dec2c\"},\"l\":\"EN2zh-CHS\",\"speakUrl\":\"http://openapi.youdao.com/ttsapi?q=set&langType=en&sign=D9BA96149327763A9B427BA6ABCEE128&salt=1529050139095&voice=4&format=mp3&appKey=39ba9dc60b3dec2c\"}', 'set', '2018-06-15 16:08:58');
INSERT INTO `word` VALUES ('23', '6', '{\"tSpeakUrl\":\"http://openapi.youdao.com/ttsapi?q=%E5%85%9A%E5%8D%AB%E5%86%9B&langType=zh-CHS&sign=CF77C15C106ED59A08D9D1E900E8A5E9&salt=1529050154184&voice=4&format=mp3&appKey=39ba9dc60b3dec2c\",\"web\":[{\"value\":[\"悬浮物\",\"速度控制开关\",\"不锈钢(Stainle Steel)\"],\"key\":\"SS\"},{\"value\":[\"悬浮物\"],\"key\":\"SS\"},{\"value\":[\"江亚轮\"],\"key\":\"SS Kiangya\"}],\"query\":\"SS\",\"translation\":[\"党卫军\"],\"errorCode\":\"0\",\"dict\":{\"url\":\"yddict://m.youdao.com/dict?le=eng&q=ss\"},\"webdict\":{\"url\":\"http://m.youdao.com/dict?le=eng&q=ss\"},\"basic\":{\"us-phonetic\":\"\'esiz\",\"phonetic\":\"\'esiz\",\"uk-phonetic\":\"\'esiz\",\"uk-speech\":\"http://openapi.youdao.com/ttsapi?q=ss&langType=en&sign=DA7FD57388393F36E7A8B1F5CB5F911A&salt=1529050154184&voice=5&format=mp3&appKey=39ba9dc60b3dec2c\",\"explains\":[\"abbr. 纳粹党卫军（Schutzstaffel）；卫星系统（Satellite System）；开关选择器（Switching Selector）；标准规格（Standard Specification）\"],\"us-speech\":\"http://openapi.youdao.com/ttsapi?q=ss&langType=en&sign=DA7FD57388393F36E7A8B1F5CB5F911A&salt=1529050154184&voice=6&format=mp3&appKey=39ba9dc60b3dec2c\"},\"l\":\"EN2zh-CHS\",\"speakUrl\":\"http://openapi.youdao.com/ttsapi?q=ss&langType=en&sign=DA7FD57388393F36E7A8B1F5CB5F911A&salt=1529050154184&voice=4&format=mp3&appKey=39ba9dc60b3dec2c\"}', 'ss', '2018-06-15 16:09:13');
INSERT INTO `word` VALUES ('24', '6', '{\"tSpeakUrl\":\"http://openapi.youdao.com/ttsapi?q=%E7%A7%91&langType=zh-CHS&sign=BF509852D6EDCB7BAC8221FBD6409FD3&salt=1529051103822&voice=4&format=mp3&appKey=39ba9dc60b3dec2c\",\"query\":\"ko\",\"translation\":[\"科\"],\"errorCode\":\"0\",\"dict\":{\"url\":\"yddict://m.youdao.com/dict?le=es&q=ko\"},\"webdict\":{\"url\":\"http://m.youdao.com/dict?le=es&q=ko\"},\"l\":\"es2zh-CHS\",\"speakUrl\":\"http://openapi.youdao.com/ttsapi?q=ko&langType=es&sign=66A5E4A08944D2264E0F1E4BDCE7D23C&salt=1529051103822&voice=4&format=mp3&appKey=39ba9dc60b3dec2c\"}', 'ko', '2018-06-15 16:25:03');
INSERT INTO `word` VALUES ('25', '6', '{\"tSpeakUrl\":\"http://openapi.youdao.com/ttsapi?q=asdkjaklsdjklajsdk&langType=zh-CHS&sign=E5E523DFF35602C5CF5B00E8E65073C0&salt=1529051123169&voice=4&format=mp3&appKey=39ba9dc60b3dec2c\",\"query\":\"asdkjaklsdjklajsdk\",\"translation\":[\"asdkjaklsdjklajsdk\"],\"errorCode\":\"0\",\"dict\":{\"url\":\"yddict://m.youdao.com/dict?le=eng&q=asdkjaklsdjklajsdk\"},\"webdict\":{\"url\":\"http://m.youdao.com/dict?le=eng&q=asdkjaklsdjklajsdk\"},\"l\":\"EN2zh-CHS\",\"speakUrl\":\"http://openapi.youdao.com/ttsapi?q=asdkjaklsdjklajsdk&langType=en&sign=E5E523DFF35602C5CF5B00E8E65073C0&salt=1529051123169&voice=4&format=mp3&appKey=39ba9dc60b3dec2c\"}', 'asdkjaklsdjklajsdk', '2018-06-15 16:25:22');
INSERT INTO `word` VALUES ('26', '6', '{\"tSpeakUrl\":\"http://openapi.youdao.com/ttsapi?q=snsnsn&langType=zh-CHS&sign=23607805FA3F8966CAC630A32E905943&salt=1529051148399&voice=4&format=mp3&appKey=39ba9dc60b3dec2c\",\"query\":\"snsnsn\",\"translation\":[\"snsnsn\"],\"errorCode\":\"0\",\"dict\":{\"url\":\"yddict://m.youdao.com/dict?le=eng&q=snsnsn\"},\"webdict\":{\"url\":\"http://m.youdao.com/dict?le=eng&q=snsnsn\"},\"l\":\"EN2zh-CHS\",\"speakUrl\":\"http://openapi.youdao.com/ttsapi?q=snsnsn&langType=en&sign=23607805FA3F8966CAC630A32E905943&salt=1529051148399&voice=4&format=mp3&appKey=39ba9dc60b3dec2c\"}', 'snsnsn', '2018-06-15 16:25:48');
INSERT INTO `word` VALUES ('27', '6', 'ksaljdklajskdljkalsjdklajskldkalsjdklajsdkljaklsdjklasjdkljaskldjkalsjdklajsdklaklsdklasjdkljaskldj', 'ksaljdklajskdljkalsjdklajskldkalsjdklajsdkljaklsdjklasjdkljaskldjkalsjdklajsdklaklsdklasjdkljaskldj', '2018-06-18 11:51:12');
INSERT INTO `word` VALUES ('28', '6', '{\"tSpeakUrl\":\"http://openapi.youdao.com/ttsapi?q=%E7%9F%A5%E9%81%93&langType=zh-CHS&sign=240FE5B0908701F6F77E93944DD9463E&salt=1529294067898&voice=4&format=mp3&appKey=39ba9dc60b3dec2c\",\"web\":[{\"value\":[\"知道\",\"懂得\",\"不知道\"],\"key\":\"Know\"},{\"value\":[\"巧妙挪移\",\"秘诀\",\"锦囊\"],\"key\":\"Know How\"},{\"value\":[\"知其然\",\"到知其然\"],\"key\":\"Know these\"}],\"query\":\"know\",\"translation\":[\"知道\"],\"errorCode\":\"0\",\"dict\":{\"url\":\"yddict://m.youdao.com/dict?le=eng&q=know\"},\"webdict\":{\"url\":\"http://m.youdao.com/dict?le=eng&q=know\"},\"basic\":{\"us-phonetic\":\"no\",\"phonetic\":\"nəʊ\",\"uk-phonetic\":\"nəʊ\",\"uk-speech\":\"http://openapi.youdao.com/ttsapi?q=know&langType=en&sign=DB16F0971D68DD9728A9E53C82D5A5A1&salt=1529294067898&voice=5&format=mp3&appKey=39ba9dc60b3dec2c\",\"explains\":[\"vi. 了解；熟悉；确信\",\"vt. 知道；认识；懂得\"],\"us-speech\":\"http://openapi.youdao.com/ttsapi?q=know&langType=en&sign=DB16F0971D68DD9728A9E53C82D5A5A1&salt=1529294067898&voice=6&format=mp3&appKey=39ba9dc60b3dec2c\"},\"l\":\"EN2zh-CHS\",\"speakUrl\":\"http://openapi.youdao.com/ttsapi?q=know&langType=en&sign=DB16F0971D68DD9728A9E53C82D5A5A1&salt=1529294067898&voice=4&format=mp3&appKey=39ba9dc60b3dec2c\"}', 'know', '2018-06-18 11:54:25');
INSERT INTO `word` VALUES ('29', '6', '{\"tSpeakUrl\":\"http://openapi.youdao.com/ttsapi?q=mmn&langType=zh-CHS&sign=22B0C71CFCFC1DAD1B5F40CB9FB6F6A8&salt=1529294347415&voice=4&format=mp3&appKey=39ba9dc60b3dec2c\",\"web\":[{\"value\":[\"多灶性运动神经病(Multifocal Motor Neuropathy)\",\"失匹配负波\",\"负波\"],\"key\":\"MMN\"},{\"value\":[\"visual MMN(mismatch negative)\"],\"key\":\"视觉MMN\"},{\"value\":[\"非匹配负波\",\"事件相关电位\",\"event-related potential mismatch negativity\"],\"key\":\"ERP-MMN\"}],\"query\":\"MMN\",\"translation\":[\"mmn\"],\"errorCode\":\"0\",\"dict\":{\"url\":\"yddict://m.youdao.com/dict?le=eng&q=mmn\"},\"webdict\":{\"url\":\"http://m.youdao.com/dict?le=eng&q=mmn\"},\"basic\":{\"uk-speech\":\"http://openapi.youdao.com/ttsapi?q=mmn&langType=en&sign=22B0C71CFCFC1DAD1B5F40CB9FB6F6A8&salt=1529294347415&voice=5&format=mp3&appKey=39ba9dc60b3dec2c\",\"explains\":[\"abbr. 新生儿紫癜病（morbus maculosus neonatorum）\"],\"us-speech\":\"http://openapi.youdao.com/ttsapi?q=mmn&langType=en&sign=22B0C71CFCFC1DAD1B5F40CB9FB6F6A8&salt=1529294347415&voice=6&format=mp3&appKey=39ba9dc60b3dec2c\"},\"l\":\"EN2zh-CHS\",\"speakUrl\":\"http://openapi.youdao.com/ttsapi?q=mmn&langType=en&sign=22B0C71CFCFC1DAD1B5F40CB9FB6F6A8&salt=1529294347415&voice=4&format=mp3&appKey=39ba9dc60b3dec2c\"}', 'mmn', '2018-06-18 11:59:04');
INSERT INTO `word` VALUES ('30', '6', 'mmns', 'mmns', '2018-06-18 11:59:08');
INSERT INTO `word` VALUES ('31', '6', '{\"tSpeakUrl\":\"http://openapi.youdao.com/ttsapi?q=%E8%87%AA%E9%97%AD%E7%97%87%E8%B0%B1%E7%B3%BB%E9%9A%9C%E7%A2%8D&langType=zh-CHS&sign=238A99517F50AD1DE13EA3033D8C2416&salt=1529320259145&voice=4&format=mp3&appKey=39ba9dc60b3dec2c\",\"web\":[{\"value\":[\"房间隔缺损(Atrial Septal Defect)\",\"雄烯二酮\",\"自闭症谱系障碍(Autism Spectrum Disorder)\"],\"key\":\"ASD\"},{\"value\":[\"孙小姐女士\"],\"key\":\"AICHI ASD\"},{\"value\":[\"正在翻译\",\"姓名\"],\"key\":\"asd asd\"}],\"query\":\"ASD\",\"translation\":[\"自闭症谱系障碍\"],\"errorCode\":\"0\",\"dict\":{\"url\":\"yddict://m.youdao.com/dict?le=eng&q=asd\"},\"webdict\":{\"url\":\"http://m.youdao.com/dict?le=eng&q=asd\"},\"basic\":{\"uk-speech\":\"http://openapi.youdao.com/ttsapi?q=asd&langType=en&sign=1FC2A8706583A2025DE058787FF71B36&salt=1529320259145&voice=5&format=mp3&appKey=39ba9dc60b3dec2c\",\"explains\":[\"abbr. 蒽闪烁剂量计（Anthracene Scintillation Dosimeter）；自动同步鉴别器（Automatic Sychronized Discriminator）；空中情况指示器（Air Situation Display）\"],\"us-speech\":\"http://openapi.youdao.com/ttsapi?q=asd&langType=en&sign=1FC2A8706583A2025DE058787FF71B36&salt=1529320259145&voice=6&format=mp3&appKey=39ba9dc60b3dec2c\"},\"l\":\"EN2zh-CHS\",\"speakUrl\":\"http://openapi.youdao.com/ttsapi?q=asd&langType=en&sign=1FC2A8706583A2025DE058787FF71B36&salt=1529320259145&voice=4&format=mp3&appKey=39ba9dc60b3dec2c\"}', 'asd', '2018-06-18 19:10:55');
INSERT INTO `word` VALUES ('32', '7', '{\"tSpeakUrl\":\"http://openapi.youdao.com/ttsapi?q=%E4%BD%A0%E5%A5%BD&langType=zh-CHS&sign=DB98266D8DD9D6979D2CAADE6F81D18A&salt=1529495657181&voice=4&format=mp3&appKey=39ba9dc60b3dec2c\",\"web\":[{\"value\":[\"你好\",\"您好\",\"hello\"],\"key\":\"Hello\"},{\"value\":[\"凯蒂猫\",\"昵称\",\"匿称\"],\"key\":\"Hello Kitty\"},{\"value\":[\"哈乐哈乐\",\"乐扣乐扣\"],\"key\":\"Hello Bebe\"}],\"query\":\"hello\",\"translation\":[\"你好\"],\"errorCode\":\"0\",\"dict\":{\"url\":\"yddict://m.youdao.com/dict?le=eng&q=hello\"},\"webdict\":{\"url\":\"http://m.youdao.com/dict?le=eng&q=hello\"},\"basic\":{\"us-phonetic\":\"helˈō\",\"phonetic\":\"həˈləʊ\",\"uk-phonetic\":\"həˈləʊ\",\"uk-speech\":\"http://openapi.youdao.com/ttsapi?q=hello&langType=en&sign=8DDDD7BCBF0F99501EC2206C8FDDAA13&salt=1529495657181&voice=5&format=mp3&appKey=39ba9dc60b3dec2c\",\"explains\":[\"n. 表示问候， 惊奇或唤起注意时的用语\",\"int. 喂；哈罗\",\"n. (Hello)人名；(法)埃洛\"],\"us-speech\":\"http://openapi.youdao.com/ttsapi?q=hello&langType=en&sign=8DDDD7BCBF0F99501EC2206C8FDDAA13&salt=1529495657181&voice=6&format=mp3&appKey=39ba9dc60b3dec2c\"},\"l\":\"EN2zh-CHS\",\"speakUrl\":\"http://openapi.youdao.com/ttsapi?q=hello&langType=en&sign=8DDDD7BCBF0F99501EC2206C8FDDAA13&salt=1529495657181&voice=4&format=mp3&appKey=39ba9dc60b3dec2c\"}', 'hello', '2018-06-20 19:54:17');
INSERT INTO `word` VALUES ('33', '6', 'gooo', 'gooo', '2018-06-20 20:08:13');
INSERT INTO `word` VALUES ('34', '7', '{\"tSpeakUrl\":\"http://openapi.youdao.com/ttsapi?q=%E4%B8%AD%E5%9B%BD&langType=zh-CHS&sign=8F4C6D582AB985F2AFE409898DD14192&salt=1529508638739&voice=4&format=mp3&appKey=39ba9dc60b3dec2c\",\"web\":[{\"value\":[\"中国\",\"中华人民共和国\",\"China (乐团)\"],\"key\":\"China\"},{\"value\":[\"中国国际航空\",\"中国国际航空公司\",\"中国国航\"],\"key\":\"Air China\"},{\"value\":[\"中国大陆\",\"中国大陆\",\"大陆中国\"],\"key\":\"Mainland China\"}],\"query\":\"china\",\"translation\":[\"中国\"],\"errorCode\":\"0\",\"dict\":{\"url\":\"yddict://m.youdao.com/dict?le=eng&q=china\"},\"webdict\":{\"url\":\"http://m.youdao.com/dict?le=eng&q=china\"},\"basic\":{\"us-phonetic\":\"ˈtʃaɪ.nə\",\"phonetic\":\"ˈtʃaɪnə\",\"uk-phonetic\":\"ˈtʃaɪnə\",\"uk-speech\":\"http://openapi.youdao.com/ttsapi?q=china&langType=en&sign=FCD105669E4CB7720F8885EAB7D30A9B&salt=1529508638739&voice=5&format=mp3&appKey=39ba9dc60b3dec2c\",\"explains\":[\"n. 瓷器\",\"adj. 瓷制的\",\"n. China，中国\",\"adj. China，中国的\"],\"us-speech\":\"http://openapi.youdao.com/ttsapi?q=china&langType=en&sign=FCD105669E4CB7720F8885EAB7D30A9B&salt=1529508638739&voice=6&format=mp3&appKey=39ba9dc60b3dec2c\"},\"l\":\"EN2zh-CHS\",\"speakUrl\":\"http://openapi.youdao.com/ttsapi?q=china&langType=en&sign=FCD105669E4CB7720F8885EAB7D30A9B&salt=1529508638739&voice=4&format=mp3&appKey=39ba9dc60b3dec2c\"}', 'china', '2018-06-20 23:30:38');
INSERT INTO `word` VALUES ('35', '10', '{\"tSpeakUrl\":\"http://openapi.youdao.com/ttsapi?q=%E4%BD%A0%E5%A5%BD&langType=zh-CHS&sign=FFFE27B5EA3B0B20C19411791C709953&salt=1529510715917&voice=4&format=mp3&appKey=39ba9dc60b3dec2c\",\"web\":[{\"value\":[\"你好\",\"您好\",\"hello\"],\"key\":\"Hello\"},{\"value\":[\"凯蒂猫\",\"昵称\",\"匿称\"],\"key\":\"Hello Kitty\"},{\"value\":[\"哈乐哈乐\",\"乐扣乐扣\"],\"key\":\"Hello Bebe\"}],\"query\":\"hello\",\"translation\":[\"你好\"],\"errorCode\":\"0\",\"dict\":{\"url\":\"yddict://m.youdao.com/dict?le=eng&q=hello\"},\"webdict\":{\"url\":\"http://m.youdao.com/dict?le=eng&q=hello\"},\"basic\":{\"us-phonetic\":\"helˈō\",\"phonetic\":\"həˈləʊ\",\"uk-phonetic\":\"həˈləʊ\",\"uk-speech\":\"http://openapi.youdao.com/ttsapi?q=hello&langType=en&sign=11B57888FE153808BB427975EF0643DE&salt=1529510715917&voice=5&format=mp3&appKey=39ba9dc60b3dec2c\",\"explains\":[\"n. 表示问候， 惊奇或唤起注意时的用语\",\"int. 喂；哈罗\",\"n. (Hello)人名；(法)埃洛\"],\"us-speech\":\"http://openapi.youdao.com/ttsapi?q=hello&langType=en&sign=11B57888FE153808BB427975EF0643DE&salt=1529510715917&voice=6&format=mp3&appKey=39ba9dc60b3dec2c\"},\"l\":\"EN2zh-CHS\",\"speakUrl\":\"http://openapi.youdao.com/ttsapi?q=hello&langType=en&sign=11B57888FE153808BB427975EF0643DE&salt=1529510715917&voice=4&format=mp3&appKey=39ba9dc60b3dec2c\"}', 'hello', '2018-06-21 00:05:16');
INSERT INTO `word` VALUES ('36', '11', '{\"tSpeakUrl\":\"http://openapi.youdao.com/ttsapi?q=I&langType=en&sign=B77CCEADABCB9A1ED28159242304ABFB&salt=1529511036833&voice=4&format=mp3&appKey=39ba9dc60b3dec2c\",\"web\":[{\"value\":[\"Me\",\"Ich bin\",\"ātman\"],\"key\":\"我\"},{\"value\":[\"I Swear\",\"I promise\",\"I Wear\"],\"key\":\"我发誓\"},{\"value\":[\"Believe in me\",\"Trust me\",\"Believe me\"],\"key\":\"相信我\"}],\"query\":\"我\",\"translation\":[\"I\"],\"errorCode\":\"0\",\"dict\":{\"url\":\"yddict://m.youdao.com/dict?le=eng&q=%E6%88%91\"},\"webdict\":{\"url\":\"http://m.youdao.com/dict?le=eng&q=%E6%88%91\"},\"basic\":{\"phonetic\":\"wǒ\",\"explains\":[\"I\",\"me\",\"myself\"]},\"l\":\"zh-CHS2EN\",\"speakUrl\":\"http://openapi.youdao.com/ttsapi?q=%E6%88%91&langType=zh-CHS&sign=343CA6AB5440EA5F7408A77C3642D986&salt=1529511036833&voice=4&format=mp3&appKey=39ba9dc60b3dec2c\"}', '我', '2018-06-21 00:10:36');
INSERT INTO `word` VALUES ('37', '11', '{\"tSpeakUrl\":\"http://openapi.youdao.com/ttsapi?q=I+like+you&langType=en&sign=D86E262A863ED55F8371799F5C65A8B3&salt=1529511044549&voice=4&format=mp3&appKey=39ba9dc60b3dec2c\",\"web\":[{\"value\":[\"I Like You\",\"Im into you\",\"Ich mag dich\"],\"key\":\"我喜欢你\"},{\"value\":[\"I\'m kinda like you\",\"I like you very much\",\"I am crazy about you\"],\"key\":\"我很喜欢你\"},{\"value\":[\"Cause I like you\",\"Because I love you\"],\"key\":\"因为我喜欢你\"}],\"query\":\"我喜欢你\",\"translation\":[\"I like you\"],\"errorCode\":\"0\",\"dict\":{\"url\":\"yddict://m.youdao.com/dict?le=eng&q=%E6%88%91%E5%96%9C%E6%AC%A2%E4%BD%A0\"},\"webdict\":{\"url\":\"http://m.youdao.com/dict?le=eng&q=%E6%88%91%E5%96%9C%E6%AC%A2%E4%BD%A0\"},\"basic\":{\"explains\":[\"I like you；I have a crush on you\"]},\"l\":\"zh-CHS2EN\",\"speakUrl\":\"http://openapi.youdao.com/ttsapi?q=%E6%88%91%E5%96%9C%E6%AC%A2%E4%BD%A0&langType=zh-CHS&sign=D268026262846BE2BCF64243AB294100&salt=1529511044549&voice=4&format=mp3&appKey=39ba9dc60b3dec2c\"}', '我喜欢你', '2018-06-21 00:10:44');
INSERT INTO `word` VALUES ('38', '11', '我想嫁人', '我想嫁人', '2018-06-21 00:10:54');
INSERT INTO `word` VALUES ('39', '13', '{\"tSpeakUrl\":\"http://openapi.youdao.com/ttsapi?q=%E6%80%A5%E8%BD%AC%E5%BC%AF&langType=zh-CHS&sign=51EFA0A610D85FD840E50B04EAED3551&salt=1529511152829&voice=4&format=mp3&appKey=39ba9dc60b3dec2c\",\"web\":[{\"value\":[\"玩笑话\",\"片头\",\"首尔魔女\"],\"key\":\"Teaser\"},{\"value\":[\"智力题\",\"脑筋急转弯\"],\"key\":\"Brain teaser\"},{\"value\":[\"预告片\",\"先行预告片\",\"开心魔法预告开心魔法\"],\"key\":\"teaser trailer\"}],\"query\":\"teaser\",\"translation\":[\"急转弯\"],\"errorCode\":\"0\",\"dict\":{\"url\":\"yddict://m.youdao.com/dict?le=eng&q=teaser\"},\"webdict\":{\"url\":\"http://m.youdao.com/dict?le=eng&q=teaser\"},\"basic\":{\"us-phonetic\":\"\'tizɚ\",\"phonetic\":\"\'tiːzə\",\"uk-phonetic\":\"\'tiːzə\",\"uk-speech\":\"http://openapi.youdao.com/ttsapi?q=teaser&langType=en&sign=8685475BC64BFA2BCE5EE6FE6A2BB52A&salt=1529511152829&voice=5&format=mp3&appKey=39ba9dc60b3dec2c\",\"explains\":[\"n. 戏弄者；强求者\"],\"us-speech\":\"http://openapi.youdao.com/ttsapi?q=teaser&langType=en&sign=8685475BC64BFA2BCE5EE6FE6A2BB52A&salt=1529511152829&voice=6&format=mp3&appKey=39ba9dc60b3dec2c\"},\"l\":\"EN2zh-CHS\",\"speakUrl\":\"http://openapi.youdao.com/ttsapi?q=teaser&langType=en&sign=8685475BC64BFA2BCE5EE6FE6A2BB52A&salt=1529511152829&voice=4&format=mp3&appKey=39ba9dc60b3dec2c\"}', 'teaser', '2018-06-21 00:12:32');
INSERT INTO `word` VALUES ('40', '11', 'I want to go home', 'I want to go home', '2018-06-21 00:30:56');
INSERT INTO `word` VALUES ('41', '9', '{\"tSpeakUrl\":\"http://openapi.youdao.com/ttsapi?q=%E5%A5%BD&langType=zh-CHS&sign=43ED52A99B87E97524D59C270126DBDF&salt=1529559018146&voice=4&format=mp3&appKey=39ba9dc60b3dec2c\",\"web\":[{\"value\":[\"好\",\"善\",\"商品\"],\"key\":\"Good\"},{\"value\":[\"公共物品\",\"公益事业\",\"公共财\"],\"key\":\"public good\"},{\"value\":[\"干的出色\",\"干得好\",\"好工作\"],\"key\":\"Good Job\"}],\"query\":\"good\",\"translation\":[\"好\"],\"errorCode\":\"0\",\"dict\":{\"url\":\"yddict://m.youdao.com/dict?le=eng&q=good\"},\"webdict\":{\"url\":\"http://m.youdao.com/dict?le=eng&q=good\"},\"basic\":{\"us-phonetic\":\"ɡʊd\",\"phonetic\":\"gʊd\",\"uk-phonetic\":\"gʊd\",\"uk-speech\":\"http://openapi.youdao.com/ttsapi?q=good&langType=en&sign=B2A0E746280B5254E241F30D1C2C9EA3&salt=1529559018146&voice=5&format=mp3&appKey=39ba9dc60b3dec2c\",\"explains\":[\"n. 好处；善行；慷慨的行为\",\"adj. 好的；优良的；愉快的；虔诚的\",\"adv. 好\",\"n. (Good)人名；(英)古德；(瑞典)戈德\"],\"us-speech\":\"http://openapi.youdao.com/ttsapi?q=good&langType=en&sign=B2A0E746280B5254E241F30D1C2C9EA3&salt=1529559018146&voice=6&format=mp3&appKey=39ba9dc60b3dec2c\"},\"l\":\"EN2zh-CHS\",\"speakUrl\":\"http://openapi.youdao.com/ttsapi?q=good&langType=en&sign=B2A0E746280B5254E241F30D1C2C9EA3&salt=1529559018146&voice=4&format=mp3&appKey=39ba9dc60b3dec2c\"}', 'good', '2018-06-21 13:30:18');
INSERT INTO `word` VALUES ('42', '6', 'yes', 'yes', '2018-06-21 17:27:45');
INSERT INTO `word` VALUES ('43', '14', '{\"tSpeakUrl\":\"http://openapi.youdao.com/ttsapi?q=The+test+set&langType=en&sign=18CE3320BAFBCF3FCCC1AA9AD1A12247&salt=1529577681616&voice=4&format=mp3&appKey=39ba9dc60b3dec2c\",\"web\":[{\"value\":[\"Test set\",\"test suite\",\"Test Collection\"],\"key\":\"测试集\"},{\"value\":[\"Abstract Test Suites\",\"abstract test suit\",\"ats (abstract testing suites)\"],\"key\":\"抽象测试集\"},{\"value\":[\"The end test set\",\"End of the test set\"],\"key\":\"测试集执行结束\"}],\"query\":\"测试集\",\"translation\":[\"The test set\"],\"errorCode\":\"0\",\"dict\":{\"url\":\"yddict://m.youdao.com/dict?le=eng&q=%E6%B5%8B%E8%AF%95%E9%9B%86\"},\"webdict\":{\"url\":\"http://m.youdao.com/dict?le=eng&q=%E6%B5%8B%E8%AF%95%E9%9B%86\"},\"basic\":{\"explains\":[\"test set\"]},\"l\":\"zh-CHS2EN\",\"speakUrl\":\"http://openapi.youdao.com/ttsapi?q=%E6%B5%8B%E8%AF%95%E9%9B%86&langType=zh-CHS&sign=28F23BBCC8ACE2A7EC1E12234232AB61&salt=1529577681616&voice=4&format=mp3&appKey=39ba9dc60b3dec2c\"}', '测试集', '2018-06-21 18:41:21');
INSERT INTO `word` VALUES ('44', '14', '{\"tSpeakUrl\":\"http://openapi.youdao.com/ttsapi?q=priority&langType=en&sign=8487E5E66945646D20DF1FA17266B0D6&salt=1529577698344&voice=4&format=mp3&appKey=39ba9dc60b3dec2c\",\"web\":[{\"value\":[\"Priority\",\"precedence\",\"Priorities\"],\"key\":\"优先级\"},{\"value\":[\"priority queue\",\"Priority Queuing\",\"PQ\"],\"key\":\"优先级队列\"},{\"value\":[\"High priority\",\"HIPRI HIgh PRIority\",\"PRH PRiorityHigh\"],\"key\":\"高优先级\"}],\"query\":\"优先级\",\"translation\":[\"priority\"],\"errorCode\":\"0\",\"dict\":{\"url\":\"yddict://m.youdao.com/dict?le=eng&q=%E4%BC%98%E5%85%88%E7%BA%A7\"},\"webdict\":{\"url\":\"http://m.youdao.com/dict?le=eng&q=%E4%BC%98%E5%85%88%E7%BA%A7\"},\"basic\":{\"phonetic\":\"yōu xiān jí\",\"explains\":[\"[计] priority\"]},\"l\":\"zh-CHS2EN\",\"speakUrl\":\"http://openapi.youdao.com/ttsapi?q=%E4%BC%98%E5%85%88%E7%BA%A7&langType=zh-CHS&sign=47FC295F112191F3AE7CEC12CD30F3D4&salt=1529577698344&voice=4&format=mp3&appKey=39ba9dc60b3dec2c\"}', '优先级', '2018-06-21 18:41:38');
INSERT INTO `word` VALUES ('45', '14', '{\"tSpeakUrl\":\"http://openapi.youdao.com/ttsapi?q=%E6%83%85%E5%86%B5%E4%B8%8B&langType=zh-CHS&sign=2489CA48487BC29510C0D6AF663B81DE&salt=1529577874503&voice=4&format=mp3&appKey=39ba9dc60b3dec2c\",\"web\":[{\"value\":[\"案例\",\"案件\",\"格\"],\"key\":\"case\"},{\"value\":[\"案例研究\",\"案例分析\",\"个案研究\"],\"key\":\"Case study\"},{\"value\":[\"用例\",\"用例\",\"使用案例\"],\"key\":\"Use case\"}],\"query\":\"case\",\"translation\":[\"情况下\"],\"errorCode\":\"0\",\"dict\":{\"url\":\"yddict://m.youdao.com/dict?le=eng&q=case\"},\"webdict\":{\"url\":\"http://m.youdao.com/dict?le=eng&q=case\"},\"basic\":{\"us-phonetic\":\"kes\",\"phonetic\":\"keɪs\",\"uk-phonetic\":\"keɪs\",\"uk-speech\":\"http://openapi.youdao.com/ttsapi?q=case&langType=en&sign=3E40BF941067526B6A19F8AF7E92128F&salt=1529577874503&voice=5&format=mp3&appKey=39ba9dc60b3dec2c\",\"explains\":[\"n. 情况；实例；箱\",\"vt. 包围；把…装于容器中\",\"n. (Case)人名；(英)凯斯；(西)卡塞；(法)卡斯\"],\"us-speech\":\"http://openapi.youdao.com/ttsapi?q=case&langType=en&sign=3E40BF941067526B6A19F8AF7E92128F&salt=1529577874503&voice=6&format=mp3&appKey=39ba9dc60b3dec2c\"},\"l\":\"EN2zh-CHS\",\"speakUrl\":\"http://openapi.youdao.com/ttsapi?q=case&langType=en&sign=3E40BF941067526B6A19F8AF7E92128F&salt=1529577874503&voice=4&format=mp3&appKey=39ba9dc60b3dec2c\"}', 'case', '2018-06-21 18:44:34');
INSERT INTO `word` VALUES ('46', '7', '{\"tSpeakUrl\":\"http://openapi.youdao.com/ttsapi?q=%E6%83%85%E5%86%B5%E4%B8%8B&langType=zh-CHS&sign=8B04BE542A3C5CE4A67BC389965BF1C9&salt=1529577963486&voice=4&format=mp3&appKey=39ba9dc60b3dec2c\",\"web\":[{\"value\":[\"案例\",\"案件\",\"格\"],\"key\":\"case\"},{\"value\":[\"案例研究\",\"案例分析\",\"个案研究\"],\"key\":\"Case study\"},{\"value\":[\"用例\",\"用例\",\"使用案例\"],\"key\":\"Use case\"}],\"query\":\"case\",\"translation\":[\"情况下\"],\"errorCode\":\"0\",\"dict\":{\"url\":\"yddict://m.youdao.com/dict?le=eng&q=case\"},\"webdict\":{\"url\":\"http://m.youdao.com/dict?le=eng&q=case\"},\"basic\":{\"us-phonetic\":\"kes\",\"phonetic\":\"keɪs\",\"uk-phonetic\":\"keɪs\",\"uk-speech\":\"http://openapi.youdao.com/ttsapi?q=case&langType=en&sign=AF9AA7FEC254B96F7FF47EA24AE463E3&salt=1529577963486&voice=5&format=mp3&appKey=39ba9dc60b3dec2c\",\"explains\":[\"n. 情况；实例；箱\",\"vt. 包围；把…装于容器中\",\"n. (Case)人名；(英)凯斯；(西)卡塞；(法)卡斯\"],\"us-speech\":\"http://openapi.youdao.com/ttsapi?q=case&langType=en&sign=AF9AA7FEC254B96F7FF47EA24AE463E3&salt=1529577963486&voice=6&format=mp3&appKey=39ba9dc60b3dec2c\"},\"l\":\"EN2zh-CHS\",\"speakUrl\":\"http://openapi.youdao.com/ttsapi?q=case&langType=en&sign=B4B6B09E1CF432963889C303619F61CF&salt=1529577963485&voice=4&format=mp3&appKey=39ba9dc60b3dec2c\"}', 'case', '2018-06-21 18:46:03');
INSERT INTO `word` VALUES ('47', '9', '{\"tSpeakUrl\":\"http://openapi.youdao.com/ttsapi?q=%E7%94%B7%E5%AD%A9&langType=zh-CHS&sign=F31F520AE4F51EB2498E2C03AECDDB50&salt=1529624096600&voice=4&format=mp3&appKey=39ba9dc60b3dec2c\",\"web\":[{\"value\":[\"男孩\",\"男孩\",\"毛利男孩\"],\"key\":\"Boy\"},{\"value\":[\"老男孩\",\"老生\",\"原罪犯\"],\"key\":\"Old boy\"},{\"value\":[\"快乐男声\",\"超级男孩\",\"元气超人\"],\"key\":\"Super Boy\"}],\"query\":\"boy\",\"translation\":[\"男孩\"],\"errorCode\":\"0\",\"dict\":{\"url\":\"yddict://m.youdao.com/dict?le=eng&q=boy\"},\"webdict\":{\"url\":\"http://m.youdao.com/dict?le=eng&q=boy\"},\"basic\":{\"us-phonetic\":\"bɔɪ\",\"phonetic\":\"bɒɪ\",\"uk-phonetic\":\"bɒɪ\",\"uk-speech\":\"http://openapi.youdao.com/ttsapi?q=boy&langType=en&sign=225D9921ACE15B4FC03B4B901DE19FCA&salt=1529624096600&voice=5&format=mp3&appKey=39ba9dc60b3dec2c\",\"explains\":[\"n. 男孩；男人\",\"n. (Boy)人名；(英、德、西、意、刚(金)、印尼、瑞典)博伊；(法)布瓦\"],\"us-speech\":\"http://openapi.youdao.com/ttsapi?q=boy&langType=en&sign=225D9921ACE15B4FC03B4B901DE19FCA&salt=1529624096600&voice=6&format=mp3&appKey=39ba9dc60b3dec2c\"},\"l\":\"EN2zh-CHS\",\"speakUrl\":\"http://openapi.youdao.com/ttsapi?q=boy&langType=en&sign=225D9921ACE15B4FC03B4B901DE19FCA&salt=1529624096600&voice=4&format=mp3&appKey=39ba9dc60b3dec2c\"}', 'boy', '2018-06-22 07:34:56');
INSERT INTO `word` VALUES ('48', '17', '我叫汤姆', '我叫汤姆', '2018-06-23 20:51:15');
INSERT INTO `word` VALUES ('49', '17', '{\"tSpeakUrl\":\"http://openapi.youdao.com/ttsapi?q=%E5%A4%8F%E5%A4%A9&langType=zh-CHS&sign=2EF8D956433990F24176022C3346703F&salt=1529758309764&voice=4&format=mp3&appKey=39ba9dc60b3dec2c\",\"web\":[{\"value\":[\"夏天\",\"夏季\",\"夏季\"],\"key\":\"Summer\"},{\"value\":[\"愉快宁静的晚年\",\"小阳春\",\"狂热夏日\"],\"key\":\"Indian summer\"},{\"value\":[\"萨摩·格拉\",\"萨默尔·加劳\",\"山姆·格鲁\"],\"key\":\"Summer Glau\"}],\"query\":\"summer\",\"translation\":[\"夏天\"],\"errorCode\":\"0\",\"dict\":{\"url\":\"yddict://m.youdao.com/dict?le=eng&q=summer\"},\"webdict\":{\"url\":\"http://m.youdao.com/dict?le=eng&q=summer\"},\"basic\":{\"us-phonetic\":\"\'sʌmɚ\",\"phonetic\":\"\'sʌmə\",\"uk-phonetic\":\"\'sʌmə\",\"uk-speech\":\"http://openapi.youdao.com/ttsapi?q=summer&langType=en&sign=E70375B7572F9041641DD1327150B8B7&salt=1529758309764&voice=5&format=mp3&appKey=39ba9dc60b3dec2c\",\"explains\":[\"n. 夏季；全盛时期\",\"adj. 夏季的\",\"vi. 避暑；过夏天\",\"n. (Summer)人名；(德)祖默；(英)萨默\"],\"us-speech\":\"http://openapi.youdao.com/ttsapi?q=summer&langType=en&sign=E70375B7572F9041641DD1327150B8B7&salt=1529758309764&voice=6&format=mp3&appKey=39ba9dc60b3dec2c\"},\"l\":\"EN2zh-CHS\",\"speakUrl\":\"http://openapi.youdao.com/ttsapi?q=summer&langType=en&sign=E70375B7572F9041641DD1327150B8B7&salt=1529758309764&voice=4&format=mp3&appKey=39ba9dc60b3dec2c\"}', 'summer', '2018-06-23 20:51:49');
INSERT INTO `word` VALUES ('50', '7', '{\"tSpeakUrl\":\"http://openapi.youdao.com/ttsapi?q=%E5%A4%8F%E5%A4%A9&langType=zh-CHS&sign=2E85B6D1A6673CAD1079997A3F9A3F5B&salt=1529758317456&voice=4&format=mp3&appKey=39ba9dc60b3dec2c\",\"web\":[{\"value\":[\"夏天\",\"夏季\",\"夏季\"],\"key\":\"Summer\"},{\"value\":[\"愉快宁静的晚年\",\"小阳春\",\"狂热夏日\"],\"key\":\"Indian summer\"},{\"value\":[\"萨摩·格拉\",\"萨默尔·加劳\",\"山姆·格鲁\"],\"key\":\"Summer Glau\"}],\"query\":\"summer\",\"translation\":[\"夏天\"],\"errorCode\":\"0\",\"dict\":{\"url\":\"yddict://m.youdao.com/dict?le=eng&q=summer\"},\"webdict\":{\"url\":\"http://m.youdao.com/dict?le=eng&q=summer\"},\"basic\":{\"us-phonetic\":\"\'sʌmɚ\",\"phonetic\":\"\'sʌmə\",\"uk-phonetic\":\"\'sʌmə\",\"uk-speech\":\"http://openapi.youdao.com/ttsapi?q=summer&langType=en&sign=A447A57005C4EDCB3C2BB27D95F6FC4D&salt=1529758317456&voice=5&format=mp3&appKey=39ba9dc60b3dec2c\",\"explains\":[\"n. 夏季；全盛时期\",\"adj. 夏季的\",\"vi. 避暑；过夏天\",\"n. (Summer)人名；(德)祖默；(英)萨默\"],\"us-speech\":\"http://openapi.youdao.com/ttsapi?q=summer&langType=en&sign=A447A57005C4EDCB3C2BB27D95F6FC4D&salt=1529758317456&voice=6&format=mp3&appKey=39ba9dc60b3dec2c\"},\"l\":\"EN2zh-CHS\",\"speakUrl\":\"http://openapi.youdao.com/ttsapi?q=summer&langType=en&sign=A447A57005C4EDCB3C2BB27D95F6FC4D&salt=1529758317456&voice=4&format=mp3&appKey=39ba9dc60b3dec2c\"}', 'summer', '2018-06-23 20:51:57');
INSERT INTO `word` VALUES ('51', '6', '{\"tSpeakUrl\":\"http://openapi.youdao.com/ttsapi?q=%E5%A5%BD%E5%90%A7&langType=zh-CHS&sign=7DB2B3FFC5FB0E566AA697E34EF3AA35&salt=1529761800801&voice=4&format=mp3&appKey=39ba9dc60b3dec2c\",\"web\":[{\"value\":[\"OK (张震岳专辑)\",\"确定\",\"好的\"],\"key\":\"OK\"},{\"value\":[\"OK Go\",\"OK Go\",\"同名专辑\"],\"key\":\"OK Go\"},{\"value\":[\"收音头乐队\",\"好样的\",\"OK电脑\"],\"key\":\"OK Computer\"}],\"query\":\"ok\",\"translation\":[\"好吧\"],\"errorCode\":\"0\",\"dict\":{\"url\":\"yddict://m.youdao.com/dict?le=eng&q=ok\"},\"webdict\":{\"url\":\"http://m.youdao.com/dict?le=eng&q=ok\"},\"basic\":{\"uk-speech\":\"http://openapi.youdao.com/ttsapi?q=ok&langType=en&sign=705B5F653BE325644A147F38AD5AD142&salt=1529761800801&voice=5&format=mp3&appKey=39ba9dc60b3dec2c\",\"explains\":[\"n. 同意\",\"adj. 好的；不错的\",\"vt. 对…表示同意\",\"int. 好；可以\",\"adv. 行；很好\"],\"us-speech\":\"http://openapi.youdao.com/ttsapi?q=ok&langType=en&sign=705B5F653BE325644A147F38AD5AD142&salt=1529761800801&voice=6&format=mp3&appKey=39ba9dc60b3dec2c\"},\"l\":\"EN2zh-CHS\",\"speakUrl\":\"http://openapi.youdao.com/ttsapi?q=ok&langType=en&sign=705B5F653BE325644A147F38AD5AD142&salt=1529761800801&voice=4&format=mp3&appKey=39ba9dc60b3dec2c\"}', 'ok', '2018-06-23 21:50:01');
INSERT INTO `word` VALUES ('52', '9', 'yes', 'yes', '2018-06-25 17:07:22');
INSERT INTO `word` VALUES ('53', '8', '{\"tSpeakUrl\":\"http://openapi.youdao.com/ttsapi?q=%E5%97%A8&langType=zh-CHS&sign=C1F795EFF0D6B7ED4117380F9CCA6FDC&salt=1529932652231&voice=4&format=mp3&appKey=39ba9dc60b3dec2c\",\"web\":[{\"value\":[\"打招呼\",\"血凝抑制试验(Hemagglutinin Inbitation)\",\"血凝抑制(Hemagglutination Inbition)\"],\"key\":\"hi\"},{\"value\":[\"海拉克斯\"],\"key\":\"Hi Lux\"},{\"value\":[\"增强接受设定\",\"高阻抗\",\"加强接管设定\"],\"key\":\"HI GAIN\"}],\"query\":\"hi\",\"translation\":[\"嗨\"],\"errorCode\":\"0\",\"dict\":{\"url\":\"yddict://m.youdao.com/dict?le=eng&q=hi\"},\"webdict\":{\"url\":\"http://m.youdao.com/dict?le=eng&q=hi\"},\"basic\":{\"us-phonetic\":\"haɪ\",\"phonetic\":\"haɪ\",\"uk-phonetic\":\"haɪ\",\"uk-speech\":\"http://openapi.youdao.com/ttsapi?q=hi&langType=en&sign=4F3F4391A7E65813A6EF9596596906BE&salt=1529932652231&voice=5&format=mp3&appKey=39ba9dc60b3dec2c\",\"explains\":[\"int. 嗨！（表示问候或用以唤起注意）\",\"n. (Hi)人名；(柬)希\"],\"us-speech\":\"http://openapi.youdao.com/ttsapi?q=hi&langType=en&sign=4F3F4391A7E65813A6EF9596596906BE&salt=1529932652231&voice=6&format=mp3&appKey=39ba9dc60b3dec2c\"},\"l\":\"EN2zh-CHS\",\"speakUrl\":\"http://openapi.youdao.com/ttsapi?q=hi&langType=en&sign=4F3F4391A7E65813A6EF9596596906BE&salt=1529932652231&voice=4&format=mp3&appKey=39ba9dc60b3dec2c\"}', 'hi', '2018-06-25 21:17:32');
INSERT INTO `word` VALUES ('54', '8', '{\"tSpeakUrl\":\"http://openapi.youdao.com/ttsapi?q=%E7%BA%B1&langType=zh-CHS&sign=4E21BBA448E0A107D360978189BC9B9A&salt=1529932664317&voice=4&format=mp3&appKey=39ba9dc60b3dec2c\",\"web\":[{\"value\":[\"纱线\",\"纱线\",\"纱\"],\"key\":\"YARN\"},{\"value\":[\"纱支\",\"纱线支数\",\"纱支数\"],\"key\":\"yarn count\"},{\"value\":[\"粗纱\",\"羽毛纱\",\"很粗的布\"],\"key\":\"ROUGH YARN\"}],\"query\":\"yarn\",\"translation\":[\"纱\"],\"errorCode\":\"0\",\"dict\":{\"url\":\"yddict://m.youdao.com/dict?le=eng&q=yarn\"},\"webdict\":{\"url\":\"http://m.youdao.com/dict?le=eng&q=yarn\"},\"basic\":{\"us-phonetic\":\"jɑn\",\"phonetic\":\"jɑːn\",\"uk-phonetic\":\"jɑːn\",\"uk-speech\":\"http://openapi.youdao.com/ttsapi?q=yarn&langType=en&sign=D91075F9F0B63F5EAE32310044F3C94E&salt=1529932664317&voice=5&format=mp3&appKey=39ba9dc60b3dec2c\",\"explains\":[\"n. 纱线；奇谈，故事\",\"vt. 用纱线缠\",\"vi. 讲故事\"],\"us-speech\":\"http://openapi.youdao.com/ttsapi?q=yarn&langType=en&sign=D91075F9F0B63F5EAE32310044F3C94E&salt=1529932664317&voice=6&format=mp3&appKey=39ba9dc60b3dec2c\"},\"l\":\"EN2zh-CHS\",\"speakUrl\":\"http://openapi.youdao.com/ttsapi?q=yarn&langType=en&sign=D91075F9F0B63F5EAE32310044F3C94E&salt=1529932664317&voice=4&format=mp3&appKey=39ba9dc60b3dec2c\"}', 'yarn', '2018-06-25 21:17:44');
INSERT INTO `word` VALUES ('55', '8', '{\"tSpeakUrl\":\"http://openapi.youdao.com/ttsapi?q=%E4%BD%A0%E5%A5%BD&langType=zh-CHS&sign=61B3BBA3EF340331279F05D86C002EA5&salt=1529934711666&voice=4&format=mp3&appKey=39ba9dc60b3dec2c\",\"web\":[{\"value\":[\"你好\",\"您好\",\"hello\"],\"key\":\"Hello\"},{\"value\":[\"凯蒂猫\",\"昵称\",\"匿称\"],\"key\":\"Hello Kitty\"},{\"value\":[\"哈乐哈乐\",\"乐扣乐扣\"],\"key\":\"Hello Bebe\"}],\"query\":\"hello\",\"translation\":[\"你好\"],\"errorCode\":\"0\",\"dict\":{\"url\":\"yddict://m.youdao.com/dict?le=eng&q=hello\"},\"webdict\":{\"url\":\"http://m.youdao.com/dict?le=eng&q=hello\"},\"basic\":{\"us-phonetic\":\"helˈō\",\"phonetic\":\"həˈləʊ\",\"uk-phonetic\":\"həˈləʊ\",\"uk-speech\":\"http://openapi.youdao.com/ttsapi?q=hello&langType=en&sign=5D511299ECA90CE1E36A4D0D5E31B3D1&salt=1529934711666&voice=5&format=mp3&appKey=39ba9dc60b3dec2c\",\"explains\":[\"n. 表示问候， 惊奇或唤起注意时的用语\",\"int. 喂；哈罗\",\"n. (Hello)人名；(法)埃洛\"],\"us-speech\":\"http://openapi.youdao.com/ttsapi?q=hello&langType=en&sign=5D511299ECA90CE1E36A4D0D5E31B3D1&salt=1529934711666&voice=6&format=mp3&appKey=39ba9dc60b3dec2c\"},\"l\":\"EN2zh-CHS\",\"speakUrl\":\"http://openapi.youdao.com/ttsapi?q=hello&langType=en&sign=5D511299ECA90CE1E36A4D0D5E31B3D1&salt=1529934711666&voice=4&format=mp3&appKey=39ba9dc60b3dec2c\"}', 'hello', '2018-06-25 21:51:51');
INSERT INTO `word` VALUES ('56', '6', '{\"tSpeakUrl\":\"http://openapi.youdao.com/ttsapi?q=Learning+makes+me+happy&langType=en&sign=4A5EFF73A41FE8AF9B1EA5910D1DA020&salt=1529990970362&voice=4&format=mp3&appKey=39ba9dc60b3dec2c\",\"query\":\"学习使我快乐\",\"translation\":[\"Learning makes me happy\"],\"errorCode\":\"0\",\"dict\":{\"url\":\"yddict://m.youdao.com/dict?le=eng&q=%E5%AD%A6%E4%B9%A0%E4%BD%BF%E6%88%91%E5%BF%AB%E4%B9%90\"},\"webdict\":{\"url\":\"http://m.youdao.com/dict?le=eng&q=%E5%AD%A6%E4%B9%A0%E4%BD%BF%E6%88%91%E5%BF%AB%E4%B9%90\"},\"basic\":{\"explains\":[\"Learning makes me happy.\"]},\"l\":\"zh-CHS2EN\",\"speakUrl\":\"http://openapi.youdao.com/ttsapi?q=%E5%AD%A6%E4%B9%A0%E4%BD%BF%E6%88%91%E5%BF%AB%E4%B9%90&langType=zh-CHS&sign=C16DFD845D73BCF3B2D78105FEEF9876&salt=1529990970362&voice=4&format=mp3&appKey=39ba9dc60b3dec2c\"}', '学习使我快乐', '2018-06-26 13:29:30');
